Brand,Model,Price,Number of Ratings,Display Size,RAM,Battery,Internal Memory
Infinix,Zero 40 4G,"Rs.70,000",23,6.78 inches,8GB,500mAh,256GB
Samsung,Galaxy Z Flip 6,"Rs.385,000",39,6.7 inches,12GB,4000mAh,512GB
Samsung,Galaxy Z Fold 6,"Rs.605,000",45,7.6 inches,12GB,4400mAh,512GB
Samsung,Galaxy A05,"Rs.25,000",56,6.7 inches,4GB,5000mAh,64GB
Tecno,Phantom V Fold 2 5G,"Rs.370,000",37,7.85 inches,12GB,5750mAh,512GB
Tecno,Phantom V Flip 2 5G,"Rs.200,000",20,6.9 inches,8GB,4720mAh,256GB
Nokia,G21,"Rs.30,000",22,6.5 inches,8GB,5050mAh,256GB
Xiaomi,14T Pro,"Rs.229,999",47,6.67 inches,12GB,5000mAh,512GB
Samsung,Galaxy Z Flip 6,"Rs.385,000",45,6.7 inches,12GB,4000mAh,512GB
Samsung,Galaxy Z Fold 6,"Rs.605,000",20,7.6 inches,12GB,4400mAh,512GB
Oppo,Reno 11 5G,"Rs.130,000",16,6.7 inches,12GB,5000mAh,256GB
Xiaomi,14T,"Rs.175,999",42,6.67 inches,12GB,5000mAh,512GB
Xiaomi,Redmi Note 13 Pro+5G,"Rs.147,000",41,6.67 inches,12GB,5000mAh,512GB
Tecno,Camon 30 Premier 5G,"Rs.159,000",39,6.77 inches,12GB,5000mAh,512GB
Tecno,Phantom V Fold,"Rs.330,000",17,7.85 inches,12GB,5000mAh,512GB
Samsung,Galaxy S24,"Rs.290,000",13,6.2 inches,8GB,4000mAh,256GB
Realme,Note 60,"Rs.27,000",49,6.74 inches,4GB,5000mAh,64GB
Samsung,Galaxy S24 Ultra,"Rs.470,000",48,6.8 inches,12GB,5000mAh,512GB
Honor,90,"Rs.160,000",39,6.7 inches,8GB,5000mAh,256GB
Xiaomi,14,"Rs.340,000",21,6.36 inches,12GB,5000mAh,512GB
Samsung,Galaxy A15,"Rs.60,000",46,6.5 inches,8GB,5000mAh,256GB
Infinix,GT 20 Pro,"Rs.100,000",16,6.78 inches,12GB,5000mAh,256GB
Oppo,A3x 4G,"Rs.40,000",12,6.67 inches,4GB,5100mAh,128GB
Samsung,Galaxy S23 FE,"Rs.205,000",10,6.4 inches,8GB,5000mAh,256GB
Samsung,Galaxy A55 5G,"Rs.140,000",34,6.6 inches,8GB,5000mAh,256GB
Samsung,Galaxy S23 FE,"Rs.205,000",46,6.4 inches,8GB,5000mAh,256GB
Motorola,Moto G84 5G,"Rs.70,000",44,6.5 inches,12GB,5000mAh,256GB
Infinix,Note 40 Pro+,"Rs.100,000",49,6.78 inches,12GB,4600mAh,256GB
Samsung,Galaxy S23 Ultra,"Rs.383,000",18,6.8 inches,12GB,5000mAh,256GB
Tecno,Pova 5 Pro,"Rs.47,000",3,6.78 inches,8GB,5000mAh,256GB
Tecno,Camon 30,"Rs.58,000",7,6.78 inches,8GB,5000mAh,256GB
Xiaomi,Redmi 13,"Rs.43,000",19,6.79 inches,8GB,30mAh,128GB
Infinix,Zero 40 4G,"Rs.70,000",40,6.78 inches,8GB,500mAh,256GB
Samsung,Galaxy S24,"Rs.290,000",31,6.2 inches,8GB,4000mAh,256GB
Xiaomi,Redmi A3x,"Rs.21,000",19,6.71 inches,3GB,5000mAh,64GB
Xiaomi,Redmi Note 13 4G,"Rs.58,000",2,6.67 inches,8GB,5000mAh,256GB
Motorola,Moto G84 5G,"Rs.70,000",30,6.5 inches,12GB,5000mAh,256GB
Samsung,Galaxy A55 5G,"Rs.140,000",57,6.6 inches,8GB,5000mAh,256GB
Samsung,Galaxy A05s,"Rs.45,000",45,6.7 inches,6GB,5000mAh,128GB
Samsung,Galaxy A15,"Rs.60,000",2,6.5 inches,8GB,5000mAh,256GB
Honor,90,"Rs.160,000",31,6.7 inches,8GB,5000mAh,256GB
Samsung,Galaxy S24 Ultra,"Rs.542,000",17,6.8 inches,8GB,5000mAh,256GB
Honor,X6a,"Rs.31,000",38,6.56 inches,4GB,5200mAh,128GB
Honor,X7b,"Rs.60,000",57,6.8 inches,8GB,6000mAh,256GB
Honor,X9b 5G,"Rs.130,000",57,6.78 inches,8GB,5800mAh,256GB
Poco,F6 Pro,"Rs.175,000",29,6.67 inches,12GB,5000mAh,512GB
Vgotel,Smart 8,"Rs.18,800",42,6.745 inches,4GB,5000mAh,64GB
Honor,90 Lite 5G,"Rs.90,000",37,6.7 inches,8GB,5000mAh,256GB
Honor,X8b,"Rs.80,000",46,6.7 inches,8GB,4500mAh,512GB
itel,S23,"Rs.22,000",16,6.6 inches,8GB,6000mAh,128GB
Xiaomi,Redmi Note 13 4G,"Rs.53,000",2,6.67 inches,8GB,5000mAh,128GB
Oppo,Reno 12 5G,"Rs.160,000",55,6.7 inches,12GB,5000mAh,512GB
Infinix,Note 40 Pro 4G,"Rs.80,000",4,6.78 inches,12GB,5000mAh,256GB
Xiaomi,Redmi 13,"Rs.43,000",19,6.79 inches,8GB,30mAh,128GB
Samsung,Galaxy A35 5G,"Rs.120,000",53,6.6 inches,8GB,5000mAh,256GB
Oppo,Reno12 F 4G,"Rs.70,000",41,6.67 inches,8GB,5000mAh,256GB
Realme,12+ 5G,"Rs.75,000",14,6.67 inches,8GB,5000mAh,256GB
Xiaomi,Redmi 13,"Rs.47,000",41,6.79 inches,8GB,30mAh,256GB
ZTE,nubia Neo 2,"Rs.55,000",48,6.72 inches,8GB,6000mAh,256GB
Samsung,Galaxy A13,"Rs.58,000",2,6.6 inches,4GB,5000mAh,64GB
Realme,12 4G,"Rs.60,000",31,6.72 inches,8GB,5000mAh,256GB
Realme,12 4G,"Rs.60,000",45,6.72 inches,8GB,5000mAh,256GB
Realme,12+ 5G,"Rs.75,000",13,6.67 inches,8GB,5000mAh,256GB
Calme,4G EDGE Touch & Type,"Rs.9,500",123,2.8 inches,2GB,5000mAh,32GB
Samsung,Galaxy A25 5G,"Rs.98,500",42,6.5 inches,8GB,5000mAh,256GB
Realme,C61,"Rs.33,000",38,6.74 inches,6GB,5000mAh,128GB
Sparx,Ultra 8 Pro,"Rs.35,993",5,6.72 inches,8GB,5000mAh,256GB
Calme,4G SMART Touch Screen Face Unlock,"Rs.10,000",127,6.72 inches,2GB,5000mAh,16GB
Xiaomi,Redmi A3,"Rs.26,000",3,6.71 inches,4GB,5000mAh,128GB
Calme,4G KING Touch Screen Face Unlock,"Rs.10,000",127,6.71 inches,2GB,5000mAh,16GB
Infinix,Smart 8,"Rs.25,000",4,6.6 inches,4GB,5000mAh,64GB
Tecno,Camon 30 Pro 5G,"Rs.100,000",19,6.78 inches,12GB,5000mAh,512GB
Samsung,Galaxy S24 Ultra,"Rs.470,000",37,6.8 inches,12GB,5000mAh,512GB
Tecno,Spark 20 Pro+,"Rs.60,000",3,6.78 inches,8GB,5000mAh,256GB
Samsung,Galaxy S24 Ultra,"Rs.470,000",10,6.8 inches,12GB,5000mAh,512GB
Samsung,Galaxy S24 Ultra,"Rs.470,000",59,6.8 inches,12GB,5000mAh,512GB
Honor,X7b,"Rs.60,000",37,6.8 inches,8GB,6000mAh,256GB
Calme,4G PREMIUM Touch & Type,"Rs.10,000",148,3.5 inches,2GB,6000mAh,16GB
Tecno,Camon 30,"Rs.63,000",3,6.78 inches,12GB,500mAh,256GB
Xiaomi,Redmi 13,"Rs.43,000",54,6.79 inches,8GB,30mAh,128GB
Infinix,Note 40,"Rs.58,000",34,6.78 inches,8GB,5000mAh,256GB
Nokia,C12 Pro,"Rs.23,000",14,6.3 inches,4GB,4000mAh,64GB
Xiaomi,Redmi Note 13 4G,"Rs.58,000",2,6.67 inches,8GB,5000mAh,256GB
Xiaomi,Redmi Note 13 Pro 4G,"Rs.90,000",30,6.67 inches,12GB,5000mAh,512GB
Samsung,Galaxy A05s,"Rs.45,000",18,6.7 inches,6GB,5000mAh,128GB
Infinix,Note 40,"Rs.58,000",16,6.78 inches,8GB,5000mAh,256GB
Oppo,A3x 4G,"Rs.40,000",10,6.67 inches,4GB,5100mAh,128GB
Samsung,Galaxy Z Flip 5,"Rs.400,000",3,6.7 inches,8GB,5000mAh,512GB
Vivo,V30e,"Rs.96,000",10,6.78 inches,8GB,5500mAh,256GB
Infinix,Note 40 Pro+,"Rs.100,000",18,6.78 inches,12GB,4600mAh,256GB
Samsung,Galaxy S24 Ultra,"Rs.435,000",38,6.8 inches,12GB,5000mAh,256GB
Oppo,A60,"Rs.54,800",42,6.67 inches,8GB,5000mAh,256GB
Calme,4G SPARK Touch & Type,"Rs.9,950",131,3.5 inches,2GB,5000mAh,16GB
Vivo,Y100 4G,"Rs.61,000",6,6.67 inches,8GB,5000mAh,128GB
Xiaomi,Redmi Note 12 4G,"Rs.49,000",3,6.67 inches,8GB,5000mAh,128GB
Vivo,V30,"Rs.136,000",53,6.78 inches,12GB,5000mAh,256GB
ZTE,nubia Focus Pro 5G,"Rs.54,700",14,6.72 inches,8GB,5000mAh,256GB
Nokia,2660 Flip 4G,"Rs.19,000",5,2.8 inches,8GB,5000mAh,256GB
ZTE,Blade A55,"Rs.21,000",2,6.75 inches,4GB,5000mAh,64GB
Samsung,Galaxy Z Fold 5,"Rs.657,000",2,7.6 inches,12GB,4400mAh,512GB
Nokia,G21,"Rs.27,000",15,6.5 inches,12GB,5050mAh,512GB
Oppo,Reno12 F 5G,"Rs.100,000",54,6.67 inches,12GB,5000mAh,256GB
Infinix,Note 40,"Rs.58,000",42,6.78 inches,8GB,5000mAh,256GB
Villaon,V30 RS,"Rs.25,000",3,6.75 inches,4GB,5000mAh,128GB
Realme,C63,"Rs.45,000",45,6.75 inches,8GB,5000mAh,128GB
Samsung,Galaxy A05,"Rs.36,000",5,6.7 inches,6GB,5000mAh,128GB
ZTE,nubia Focus 5G,"Rs.46,000",23,6.56 inches,8GB,5000mAh,256GB
Vivo,Y18,"Rs.43,000",27,6.56 inches,6GB,5000mAh,128GB
Vgotel,New 16,"Rs.19,300",41,6.517 inches,4GB,5000mAh,64GB
Calme,4G TURBO,"Rs.5,000",122,2.4 inches,1GB,5000mAh,8GB
ZTE,nubia Music,"Rs.25,000",40,6.6 inches,4GB,5000mAh,128GB
Oppo,A78 4G,"Rs.65,000",38,6.43 inches,8GB,5000mAh,256GB
Tecno,Spark 20 Pro,"Rs.45,000",43,6.78 inches,8GB,5000mAh,256GB
Vivo,Y100 4G,"Rs.67,000",4,6.67 inches,8GB,5000mAh,256GB
Oppo,A3x 4G,"Rs.35,000",53,6.67 inches,4GB,5100mAh,64GB
Xiaomi,14 Ultra,"Rs.385,000",23,6.73 inches,16GB,5000mAh,512GB
Nokia,C12 Pro,"Rs.23,000",20,6.3 inches,4GB,4000mAh,64GB
Nokia,C21,"Rs.16,000",9,6.52 inches,2GB,3000mAh,32GB
Oppo,Reno 12 5G,"Rs.160,000",16,6.7 inches,12GB,5000mAh,512GB
Xiaomi,14,"Rs.340,000",40,6.36 inches,12GB,5000mAh,512GB
Xiaomi,Redmi Note 13 Pro 4G,"Rs.90,000",34,6.67 inches,12GB,5000mAh,512GB
Xiaomi,Redmi 13C,"Rs.32,000",7,6.74 inches,6GB,5000mAh,128GB
Infinix,Hot 40i,"Rs.37,000",2,6.56 inches,8GB,5000mAh,256GB
Infinix,Hot 40i,"Rs.37,000",3,6.56 inches,8GB,5000mAh,256GB
Calme,4G HOT Touch & Type,"Rs.5,500",120,2.4 inches,1GB,5000mAh,8GB
Xiaomi,Redmi 13,"Rs.43,000",36,6.79 inches,8GB,30mAh,128GB
Xiaomi,Redmi 13,"Rs.48,000",2,6.79 inches,8GB,30mAh,256GB
Tecno,Phantom V Flip,"Rs.200,000",51,6.9 inches,8GB,4000mAh,256GB
ZTE,nubia V60 Design,"Rs.31,000",42,6.6 inches,6GB,5000mAh,256GB
Realme,C63,"Rs.40,000",55,6.75 inches,6GB,5000mAh,128GB
ZTE,nubia Focus Pro 5G,"Rs.54,700",29,6.72 inches,8GB,5000mAh,256GB
ZTE,nubia V60 Design,"Rs.31,000",30,6.6 inches,6GB,5000mAh,256GB
Infinix,GT 20 Pro,"Rs.100,000",38,6.78 inches,12GB,5000mAh,256GB
ZTE,Blade A55,"Rs.21,000",44,6.75 inches,4GB,5000mAh,64GB
Infinix,Note 40,"Rs.58,000",2,6.78 inches,8GB,5000mAh,256GB
Vivo,V30,"Rs.136,000",2,6.78 inches,12GB,5000mAh,256GB
Vivo,Y28 4G,"Rs.50,000",38,6.68 inches,8GB,6000mAh,128GB
itel,S24,"Rs.39,000",50,6.6 inches,8GB,5000mAh,256GB
itel,S24,"Rs.34,000",53,6.6 inches,8GB,5000mAh,128GB
Oppo,Reno12 F 4G,"Rs.70,000",43,6.67 inches,8GB,5000mAh,256GB
Oppo,Reno12 F 4G,"Rs.70,000",22,6.67 inches,8GB,5000mAh,256GB
Infinix,Note 40 Pro+,"Rs.100,000",22,6.78 inches,12GB,4600mAh,256GB
Villaon,V30,"Rs.16,500",4,6.52 inches,2GB,4000mAh,32GB
Samsung,Galaxy S24 Ultra,"Rs.435,000",30,6.8 inches,12GB,5000mAh,256GB
Samsung,Galaxy A25 5G,"Rs.98,500",33,6.5 inches,8GB,5000mAh,256GB
Vgotel,Smart 8,"Rs.18,800",41,6.745 inches,4GB,5000mAh,64GB
itel,A50,"Rs.22,000",60,6.6 inches,4GB,5000mAh,64GB
Oppo,A3x 4G,"Rs.35,000",21,6.67 inches,4GB,5100mAh,64GB
ZTE,nubia Neo 2,"Rs.55,000",35,6.72 inches,8GB,6000mAh,256GB
Infinix,Smart 8 Plus,"Rs.27,000",2,6.56 inches,4GB,6000mAh,64GB
ZTE,nubia Music,"Rs.25,000",27,6.6 inches,4GB,5000mAh,128GB
Infinix,Note 40 Pro 4G,"Rs.80,000",3,6.78 inches,12GB,5000mAh,256GB
Tecno,Spark 20,"Rs.35,000",5,6.6 inches,8GB,5000mAh,256GB
itel,S24,"Rs.34,000",2,6.6 inches,8GB,5000mAh,128GB
Xiaomi,14,"Rs.340,000",53,6.36 inches,12GB,5000mAh,512GB
Tecno,Phantom V Flip,"Rs.200,000",55,6.9 inches,8GB,4000mAh,256GB
itel,S24,"Rs.39,000",58,6.6 inches,8GB,5000mAh,256GB
Realme,Note 50,"Rs.25,500",10,6.74 inches,4GB,5000mAh,64GB
Samsung,Galaxy A15,"Rs.53,000",21,6.5 inches,6GB,5000mAh,128GB
Vivo,V30e,"Rs.96,000",52,6.78 inches,8GB,5500mAh,256GB
itel,S23,"Rs.25,000",16,6.6 inches,8GB,6000mAh,256GB
Infinix,Smart 8 Pro,"Rs.28,000",4,6.6 inches,4GB,5000mAh,128GB
Realme,C65,"Rs.50,000",38,6.67 inches,8GB,5000mAh,256GB
Tecno,Spark Go 2024,"Rs.25,000",60,6.6 inches,4GB,5000mAh,64GB
Tecno,Camon 30,"Rs.58,000",18,6.78 inches,8GB,500mAh,256GB
Sparx,Ultra 8,"Rs.32,995",2,6.72 inches,8GB,5000mAh,128GB
itel,A60s,"Rs.23,000",4,6.6 inches,4GB,5000mAh,128GB
Vivo,Y17s,"Rs.40,000",5,6.56 inches,6GB,5000mAh,128GB
ZTE,Blade A55,"Rs.21,000",59,6.75 inches,4GB,5000mAh,64GB
Xiaomi,13T,"Rs.170,000",24,6.67 inches,12GB,5000mAh,256GB
Samsung,Galaxy A54 5G,"Rs.141,000",46,6.4 inches,8GB,5000mAh,256GB
itel,A50,"Rs.20,000",21,6.6 inches,2GB,5000mAh,64GB
Realme,C61,"Rs.33,000",29,6.74 inches,6GB,5000mAh,128GB
ZTE,nubia Neo 2,"Rs.55,000",47,6.72 inches,8GB,6000mAh,256GB
Samsung,Galaxy Z Flip 5,"Rs.400,000",48,6.7 inches,8GB,5000mAh,512GB
Calme,4G SMART Touch Screen Face Unlock,"Rs.10,000",128,6.7 inches,2GB,5000mAh,16GB
Vivo,Y100 4G,"Rs.67,000",6,6.67 inches,8GB,5000mAh,256GB
Infinix,Zero 30 4G,"Rs.65,000",10,6.78 inches,8GB,5000mAh,256GB
Poco,F6,"Rs.145,000",43,6.67 inches,12GB,5000mAh,512GB
Realme,C65,"Rs.50,000",23,6.67 inches,8GB,5000mAh,256GB
itel,S23,"Rs.22,000",18,6.6 inches,8GB,6000mAh,128GB
itel,S23+,"Rs.45,000",3,6.78 inches,8GB,5000mAh,256GB
Vgotel,New 12,"Rs.16,700",35,6.517 inches,2GB,5000mAh,64GB
Xiaomi,Redmi 12,"Rs.35,000",12,6.79 inches,8GB,5000mAh,128GB
ZTE,Blade V60 Smart,Price Not Available,19,6.6 inches,4GB,5000mAh,128GB
Honor,X5 Plus,"Rs.28,500",40,6.56 inches,4GB,5200mAh,64GB
Vgotel,New 16,"Rs.19,300",40,6.517 inches,4GB,5000mAh,64GB
Nokia,C22,"Rs.25,000",19,6.5 inches,4GB,5000mAh,128GB
Vgotel,Note 23,"Rs.28,200",67,6.78 inches,8GB,5000mAh,256GB
Villaon,V30,"Rs.18,500",4,6.52 inches,2GB,4000mAh,128GB
Oppo,Reno 11F 5G,"Rs.85,000",56,6.7 inches,8GB,5000mAh,256GB
Honor,X7b,"Rs.60,000",57,6.8 inches,8GB,6000mAh,256GB
Oppo,A78 4G,"Rs.65,000",41,6.43 inches,8GB,5000mAh,256GB
Motorola,Moto G84 5G,"Rs.70,000",12,6.5 inches,12GB,5000mAh,256GB
Samsung,Galaxy Z Fold 5,"Rs.657,000",21,7.6 inches,12GB,4400mAh,512GB
ZTE,nubia V60 Design,"Rs.31,000",24,6.6 inches,6GB,5000mAh,256GB
Xiaomi,14T,"Rs.175,999",18,6.67 inches,12GB,5000mAh,512GB
Realme,C67 4G,"Rs.40,000",3,6.72 inches,8GB,5000mAh,128GB
Xiaomi,14T Pro,"Rs.229,999",11,6.67 inches,12GB,5000mAh,512GB
Infinix,Zero 30 4G,"Rs.65,000",12,6.78 inches,8GB,5000mAh,256GB
Poco,F6 Pro,"Rs.175,000",50,6.67 inches,12GB,5000mAh,512GB
Oppo,A58 4G,"Rs.49,000",37,6.72 inches,8GB,5000mAh,128GB
Infinix,Hot 40,"Rs.35,000",13,6.78 inches,8GB,5000mAh,128GB
Oppo,A58 4G,"Rs.49,000",15,6.72 inches,8GB,5000mAh,128GB
Calme,4G PRIME Touch & Type,"Rs.11,000",123,6.72 inches,2GB,5000mAh,32GB
Xiaomi,14T,"Rs.175,999",20,6.67 inches,12GB,5000mAh,512GB
itel,S24,"Rs.39,000",25,6.6 inches,8GB,5000mAh,256GB
Poco,F6,"Rs.145,000",3,6.67 inches,12GB,5000mAh,512GB
Dcode,Cygnal 4Lite,"Rs.24,000",31,6.6 inches,4GB,5000mAh,64GB
Xiaomi,Redmi Note 13 Pro 4G,"Rs.75,000",21,6.67 inches,8GB,5000mAh,256GB
Poco,F6,"Rs.145,000",51,6.67 inches,12GB,5000mAh,512GB
Oppo,A18,"Rs.35,000",2,6.56 inches,4GB,5000mAh,128GB
Xiaomi,Redmi Note 13 4G,"Rs.53,000",25,6.67 inches,8GB,5000mAh,128GB
Oppo,Reno 11 5G,"Rs.130,000",45,6.7 inches,12GB,5000mAh,256GB
Oppo,Reno12 F 5G,"Rs.100,000",10,6.67 inches,12GB,5000mAh,256GB
Samsung,Galaxy S24,"Rs.290,000",24,6.2 inches,8GB,4000mAh,256GB
Xiaomi,Redmi Note 13 Pro+ 5G,"Rs.147,000",32,6.67 inches,12GB,5000mAh,512GB
Xiaomi,Redmi Note 13 4G,"Rs.53,000",57,6.67 inches,8GB,5000mAh,128GB
Oppo,A18,"Rs.35,000",3,6.56 inches,4GB,5000mAh,128GB
Xiaomi,Redmi Note 13 4G,"Rs.58,000",33,6.67 inches,8GB,5000mAh,258GB
Xiaomi,Redmi Note 13 4G,"Rs.58,000",22,6.67 inches,8GB,5000mAh,256GB
itel,S23+,"Rs.45,000",2,6.78 inches,8GB,5000mAh,256GB
Infinix,Smart 8 Pro,"Rs.28,000",3,6.6 inches,4GB,5000mAh,128GB
Samsung,Galaxy A05s,"Rs.38,500",2,6.7 inches,4GB,5000mAh,128GB
Realme,C51,"Rs.29,000",8,6.74 inches,4GB,5000mAh,64GB
Calme,4G PLATINUM Touch & Type,"Rs.5,500",120,2.4 inches,1GB,5000mAh,8GB
Honor,X5 Plus,"Rs.28,500",11,6.56 inches,4GB,5200mAh,64GB
itel,P55+,"Rs.33,000",2,6.6 inches,8GB,5000mAh,256GB
Calme,4G EDGE Touch & Type,"Rs.9,500",123,2.8 inches,2GB,5000mAh,32GB
Infinix,GT 20 Pro,"Rs.100,000",59,6.78 inches,12GB,5000mAh,256GB
Tecno,Pova 5 Pro,"Rs.47,000",26,6.78 inches,8GB,5000mAh,256GB
Honor,X9b 5G,"Rs.130,000",41,6.78 inches,8GB,5800mAh,256GB
Calme,4G MUSIC Touch & Type,"Rs.5,400",124,2.4 inches,1GB,5800mAh,8GB
Xiaomi,Redmi Note 13 4G,"Rs.53,000",44,6.67 inches,8GB,5000mAh,128GB
Samsung,Galaxy A05,"Rs.25,000",2,6.7 inches,4GB,5000mAh,64GB
Nokia,C22,"Rs.25,000",58,6.5 inches,4GB,5000mAh,128GB
Vgotel,New 24,"Rs.21,000",13,6.52 inches,4GB,5000mAh,128GB
Nokia,2660 Flip 4G,"Rs.19,000",3,2.8 inches,4GB,5000mAh,128GB
Realme,Note 50,"Rs.25,500",5,6.74 inches,4GB,5000mAh,64GB
Samsung,Galaxy A55 5G,"Rs.140,000",33,6.6 inches,8GB,5000mAh,256GB
Infinix,Zero 40 4G,"Rs.70,000",40,6.78 inches,8GB,500mAh,256GB
Samsung,Galaxy A55 5G,"Rs.140,000",30,6.6 inches,8GB,5000mAh,256GB
Villaon,V30 RS,"Rs.23,000",3,6.75 inches,4GB,5000mAh,64GB
Samsung,Galaxy S24 Ultra,"Rs.435,000",33,6.8 inches,12GB,5000mAh,256GB
Samsung,Galaxy A15,"Rs.60,000",50,6.5 inches,8GB,5000mAh,256GB
Samsung,Galaxy A35 5G,"Rs.120,000",45,6.6 inches,8GB,5000mAh,256GB
Xiaomi,Redmi Note 13 Pro+5G,"Rs.147,000",51,6.67 inches,12GB,5000mAh,512GB
Samsung,Galaxy A15,"Rs.53,000",20,6.5 inches,6GB,5000mAh,128GB
Xiaomi,Redmi A3x,"Rs.21,000",53,6.71 inches,3GB,5000mAh,64GB
Calme,4G EDGE Touch & Type,"Rs.9,500",124,2.8 inches,2GB,5000mAh,32GB
Samsung,Galaxy A35 5G,"Rs.120,000",45,6.6 inches,8GB,5000mAh,256GB
Vivo,Y03t,Price Not Available,2,6.56 inches,4GB,5000mAh,128GB
Xiaomi,Redmi 14C,Price Not Available,6,6.88 inches,4GB,5160mAh,128GB
Sparx,Note 12,"Rs.27,500",3,6.67 inches,4GB,6000mAh,128GB
Vgotel,New 12,"Rs.16,700",31,6.517 inches,2GB,5000mAh,64GB
Tecno,Spark 20 Pro,"Rs.45,000",2,6.78 inches,8GB,5000mAh,256GB
Calme,4G Power Touch & Screen,"Rs.9,200",124,2.8 inches,2GB,5000mAh,16GB
Sparx,Ultra 8 Pro,"Rs.35,993",47,6.72 inches,8GB,5000mAh,256GB
Vivo,V40,Price Not Available,47,6.78 inches,12GB,5500mAh,256GB
Umidigi,A15C,"Rs.38,000",55,6.7 inches,8GB,5000mAh,126GB
Vivo,V30e,"Rs.96,000",12,6.78 inches,8GB,5500mAh,256GB
Samsung,Galaxy A15,"Rs.53,000",22,6.5 inches,6GB,5000mAh,128GB
Honor,X8b,"Rs.80,000",27,6.7 inches,8GB,4500mAh,512GB
Xiaomi,Redmi A3,"Rs.26,000",43,6.71 inches,4GB,5000mAh,128GB
Infinix,Smart 8 Plus,"Rs.27,000",2,6.56 inches,4GB,6000mAh,64GB
Vivo,Y100 4G,"Rs.61,000",4,6.67 inches,8GB,5000mAh,128GB
Samsung,Galaxy A25 5G,"Rs.98,500",23,6.5 inches,8GB,5000mAh,256GB
Samsung,Galaxy S24 Ultra,"Rs.542,000",55,6.8 inches,8GB,5000mAh,256GB
Dcode,Bold 3,"Rs.40,000",3,6.78 inches,6GB,5000mAh,128GB
Sparx,Edge 20 Pro,"Rs.52,500",3,6.67 inches,8GB,5000mAh,256GB
Sparx,Note 12,"Rs.27,500",3,6.67 inches,4GB,6000mAh,128GB
Oppo,Reno 11F 5G,"Rs.85,000",41,6.7 inches,8GB,5000mAh,256GB
Vivo,Y28 4G,"Rs.50,000",18,6.68 inches,8GB,6000mAh,128GB
Samsung,Galaxy S24 Ultra,"Rs.542,000",34,6.8 inches,8GB,5000mAh,128GB
Samsung,Galaxy S24,"Rs.290,000",29,6.2 inches,8GB,4000mAh,256GB
Oppo,A38,"Rs.45,000",42,6.56 inches,6GB,5000mAh,128GB
Vivo,Y18,"Rs.43,000",42,6.56 inches,6GB,5000mAh,128GB
Oppo,A60,"Rs.54,800",10,6.67 inches,8GB,5000mAh,256GB
itel,P55+,"Rs.33,000",2,6.6 inches,8GB,5000mAh,256GB
Tecno,Spark 20,"Rs.35,000",10,6.6 inches,8GB,5000mAh,256GB
UMIDIGI,G9 5G,Price Not Available,16,6.52 inches,6GB,5000mAh,128GB
Tecno,Spark Go 2024,"Rs.20,000",18,6.6 inches,2GB,5000mAh,64GB
Vivo,V40,Price Not Available,23,6.78 inches,12GB,5500mAh,256GB
Samsung,Galaxy S24 Ultra,"Rs.435,000",50,6.8 inches,12GB,5000mAh,256GB
Samsung,Galaxy S24 Ultra,"Rs.435,000",28,6.8 inches,12GB,5000mAh,256GB
Tecno,Phantom V Flip 2 5G,"Rs.200,000",49,6.9 inches,8GB,4720mAh,256GB
Tecno,Phantom V Fold 2 5G,"Rs.370,000",27,7.85 inches,12GB,5750mAh,512GB
Vivo,Y03,"Rs.28,000",11,6.56 inches,4GB,5000mAh,64GB
Realme,C51,"Rs.29,000",2,6.74 inches,4GB,5000mAh,64GB
Samsung,Galaxy A06,Price Not Available,17,6.7 inches,6GB,5000mAh,128GB
Realme,C51,"Rs.31,000",8,6.74 inches,4GB,5000mAh,128GB
Infinix,Note 40 Pro 4G,"Rs.80,000",4,6.78 inches,12GB,5000mAh,256GB
Nokia,C31,"Rs.23,000",6,6.75 inches,4GB,5050mAh,64GB
Xiaomi,Redmi A3,"Rs.24,000",47,6.71 inches,4GB,5000mAh,64GB
Samsung,Galaxy S23 FE,"Rs.205,000",2,6.4 inches,8GB,5000mAh,256GB
Vivo,Y18,"Rs.38,500",35,6.56 inches,4GB,5000mAh,128GB
Vivo,Y03,"Rs.31,000",24,6.56 inches,4GB,5000mAh,128GB
Infinix,Smart 8 Plus,"Rs.27,000",2,6.56 inches,4GB,6000mAh,64GB
Realme,C63,"Rs.40,000",42,6.75 inches,6GB,5000mAh,128GB
Samsung,Galaxy S23 Ultra,"Rs.383,000",53,6.8 inches,12GB,5000mAh,256GB
Samsung,Galaxy A05,"Rs.25,000",4,6.7 inches,4GB,5000mAh,64GB
Calme,4G STAR Touch & Type,"Rs.8,000",123,2.8 inches,2GB,5000mAh,16GB
Samsung,Galaxy A34 5G,"Rs.117,000",2,6.6 inches,8GB,5000mAh,256GB
Infinix,Hot 40i,"Rs.32,000",2,6.56 inches,8GB,5000mAh,128GB
GFive,4G 6700 Touch & Type,"Rs.8,000",137,2.8 inches,2GB,5000mAh,16GB
Q,Smart 8,"Rs.21,000",45,6.8 inches,4GB,5000mAh,128GB
Xiaomi,Redmi A3,"Rs.26,000",10,6.71 inches,4GB,5000mAh,128GB
itel,A70 Pro,"Rs.22,000",16,6.6 inches,4GB,5000mAh,256GB
itel,S23+,"Rs.45,000",2,6.78 inches,8GB,5000mAh,256GB
Calme,4G HERO Touch & Type,"Rs.8,700",115,2.8 inches,2GB,5000mAh,16GB
Samsung,Galaxy S23 FE,"Rs.205,000",22,6.4 inches,8GB,5000mAh,256GB
Realme,Note 60,"Rs.27,000",46,6.74 inches,4GB,5000mAh,64GB
Calme,4G SPARK Touch & Type,"Rs.9,950",148,3.5 inches,2GB,5000mAh,16GB
Xiaomi,14T Pro,"Rs.229,999",56,6.67 inches,12GB,5000mAh,512GB
Digit,Next Ultra,"Rs.20,000",30,6.5 inches,4GB,5000mAh,64GB
Poco,X6 Pro 5G,"Rs.130,000",40,6.67 inches,12GB,5000mAh,512GB
Xiaomi,14T,"Rs.175,999",37,6.67 inches,12GB,5000mAh,512GB
Samsung,Galaxy Z Fold 6,"Rs.605,000",39,7.6 inches,12GB,4400mAh,512GB
Tecno,Camon 30 Pro 5G,"Rs.100,000",15,6.78 inches,12GB,5000mAh,512GB
Samsung,Galaxy Z Fold 6,"Rs.605,000",11,7.6 inches,12GB,4400mAh,512GB
Tecno,Camon 30 Premier 5G,"Rs.159,000",17,6.77 inches,12GB,5000mAh,512GB
Vgotel,Note 24,"Rs.30,000",42,6.78 inches,8GB,5000mAh,256GB
Samsung,Galaxy Z Flip 6,"Rs.385,000",14,6.7 inches,12GB,4000mAh,512GB
Samsung,Galaxy A35 5G,"Rs.120,000",23,6.6 inches,8GB,5000mAh,256GB
Samsung,Galaxy Z Flip 6,"Rs.385,000",37,6.7 inches,12GB,4000mAh,512GB
Tecno,Camon 30,"Rs.63,000",35,6.78 inches,12GB,500mAh,256GB
Xiaomi,Redmi Note 13 Pro 4G,"Rs.90,000",26,6.67 inches,12GB,5000mAh,512GB
Tecno,Spark 20,"Rs.35,000",7,6.6 inches,8GB,5000mAh,256GB
Xiaomi,Redmi Note 13 Pro 4G,"Rs.75,000",56,6.67 inches,8GB,5000mAh,256GB
Realme,Note 50,"Rs.27,000",6,6.74 inches,4GB,5000mAh,128GB
Poco,C65,"Rs.36,000",33,6.74 inches,8GB,5000mAh,256GB
Infinix,Hot 40,"Rs.35,000",2,6.78 inches,8GB,5000mAh,128GB
Samsung,Galaxy Z Flip 6,"Rs.385,000",52,6.7 inches,12GB,4000mAh,512GB
Tecno,Camon 30,"Rs.63,000",42,6.78 inches,12GB,500mAh,256GB
Q,Smart Blaze,"Rs.21,000",30,6.6 inches,4GB,5000mAh,64GB
Calme,4G PRIME Touch & Type,"Rs.10,700",125,6.6 inches,2GB,5000mAh,32GB
Honor,90 Lite 5G,"Rs.90,000",28,6.7 inches,8GB,5000mAh,256GB
Nokia,2660 Flip 4G,"Rs.19,000",7,2.8 inches,8GB,5000mAh,256GB
Samsung,Galaxy S24 Ultra,"Rs.470,000",12,6.8 inches,12GB,5000mAh,512GB
Realme,C51,"Rs.24,000",4,6.74 inches,3GB,5000mAh,64GB
Samsung,Galaxy A54 5G,"Rs.141,000",47,6.4 inches,8GB,5000mAh,256GB
Motorola,Moto G54 5G,"Rs.40,000",28,6.5 inches,8GB,5000mAh,256GB
itel,P55,"Rs.28,000",15,6.6 inches,8GB,5000mAh,128GB
Infinix,Smart 8,"Rs.23,500",28,6.6 inches,3GB,5000mAh,64GB
Samsung,Galaxy S24 Ultra,"Rs.470,000",51,6.8 inches,12GB,5000mAh,512GB
Vgotel,Note 24,"Rs.30,000",26,6.78 inches,8GB,5000mAh,256GB
Samsung,Galaxy S23 Ultra,"Rs.383,000",12,6.8 inches,12GB,5000mAh,256GB
UMIDIGI,G3 Plus,"Rs.26,000",33,6.52 inches,4GB,5150mAh,128GB
Vivo,Y02t,"Rs.26,000",56,6.51 inches,4GB,5000mAh,64GB
Poco,X6 Pro 5G,"Rs.130,000",38,6.67 inches,12GB,5000mAh,512GB
Xiaomi,Redmi Note 13 Pro+5G,"Rs.147,000",13,6.67 inches,12GB,5000mAh,512GB
Tecno,Spark 20,"Rs.35,000",9,6.6 inches,8GB,5000mAh,256GB
Realme,C51,"Rs.31,000",14,6.74 inches,4GB,5000mAh,128GB
Samsung,Galaxy A04,"Rs.21,000",44,6.5 inches,3GB,5000mAh,32GB
Infinix,Note 40 Pro 4G,"Rs.80,000",58,6.78 inches,12GB,5000mAh,256GB
Nokia,C31,"Rs.25,000",12,6.75 inches,4GB,5050mAh,128GB
itel,A27,"Rs.16,500",8,5.5 inches,2GB,5050mAh,32GB
Vivo,Y73,"Rs.90,000",53,6.44 inches,8GB,4000mAh,128GB
Tecno,Camon 20,"Rs.45,000",10,6.67 inches,8GB,5000mAh,256GB
Tecno,Camon 20,"Rs.45,000",3,6.67 inches,8GB,5000mAh,256GB
Tecno,Camon 20,"Rs.45,000",10,6.67 inches,8GB,5000mAh,256GB
Tecno,Camon 20,"Rs.45,000",35,6.67 inches,8GB,5000mAh,256GB
Tecno,Camon 20 Pro,"Rs.41,000",17,6.67 inches,8GB,5000mAh,256GB
Tecno,Camon 20 Pro,"Rs.41,000",9,6.67 inches,8GB,5000mAh,256GB
Samsung,Galaxy A04,"Rs.31,500",4,6.5 inches,3GB,5000mAh,32GB
Poco,X6 Pro 5G,"Rs.130,000",52,6.67 inches,12GB,5000mAh,512GB
Tecno,Spark 20 Pro+,"Rs.52,000",3,6.78 inches,8GB,5000mAh,256GB
Samsung,Galaxy A54 5G,"Rs.141,000",60,6.4 inches,8GB,5000mAh,256GB
Xiaomi,Redmi 13C,"Rs.32,000",6,6.74 inches,6GB,5000mAh,128GB
Realme,9 Pro+ 5G,"Rs.60,000",4,6.4 inches,8GB,4500mAh,128GB
Honor,90,"Rs.160,000",20,6.7 inches,8GB,5000mAh,256GB
Honor,X9a 5G,"Rs.130,000",58,6.67 inches,8GB,5100mAh,256GB
Vivo,Y36,"Rs.55,000",54,6.64 inches,8GB,5000mAh,256GB
Xiaomi,Redmi Note 12 4G,"Rs.49,000",5,6.67 inches,8GB,5000mAh,128GB
Realme,C53,"Rs.35,000",3,6.74 inches,6GB,5000mAh,128GB
itel,A70 Pro,"Rs.26,000",14,6.6 inches,4GB,5000mAh,256GB
Xiaomi,13T Pro,"Rs.250,000",2,6.67 inches,12GB,5000mAh,512GB
Sparx,Neo 8 Plus,"Rs.23,000",186,6.74 inches,4GB,5000mAh,64GB
Sparx,Neo 8 Pro,"Rs.23,500",187,6.74 inches,4GB,5000mAh,128GB
Sparx,Note 20,"Rs.38,000",3,6.67 inches,8GB,5000mAh,256GB
Infinix,Hot 40 Pro,"Rs.45,000",5,6.78 inches,8GB,5000mAh,256GB
Infinix,Hot 40,"Rs.38,000",7,6.78 inches,8GB,5000mAh,256GB
itel,A70 Pro,"Rs.26,000",14,6.6 inches,4GB,5000mAh,256GB
Sparx,Neo 6 Plus,"Rs.19,500",3,6.67 inches,2GB,5000mAh,64GB
ZTE,Blade A54,"Rs.18,000",32,6.6 inches,4GB,5000mAh,64GB
itel,A05s,"Rs.21,000",2,6.6 inches,4GB,4000mAh,64GB
Samsung,Galaxy S22 Ultra 5G,"Rs.425,000",45,6.8 inches,12GB,5000mAh,256GB
Vivo,V29e,"Rs.90,000",37,6.67 inches,8GB,5000mAh,256GB
Sparx,Note 20,"Rs.38,000",5,6.67 inches,8GB,5000mAh,256GB
Sparx,Edge 20 Pro,"Rs.52,500",2,6.67 inches,8GB,5000mAh,256GB
Honor,90,"Rs.160,000",30,6.7 inches,8GB,5000mAh,256GB
Samsung,Galaxy A04,"Rs.31,500",4,6.5 inches,3GB,5000mAh,32GB
Xiaomi,13T,"Rs.170,000",2,6.67 inches,12GB,5000mAh,256GB
itel,A70,"Rs.24,000",13,6.6 inches,4GB,5000mAh,128GB
Vivo,Y27s,"Rs.47,000",37,6.64 inches,8GB,5000mAh,128GB
Poco,M6 Pro,"Rs.90,000",38,6.67 inches,12GB,5000mAh,512GB
ZTE,Blade A72s,"Rs.22,000",31,6.75 inches,4GB,5000mAh,128GB
itel,A60s,"Rs.23,000",3,6.6 inches,4GB,5000mAh,128GB
Infinix,Smart 8,"Rs.25,000",4,6.6 inches,4GB,5000mAh,64GB
itel,A05s,"Rs.21,000",5,6.6 inches,4GB,4000mAh,64GB
Sparx,Neo 7 Ultra,"Rs.27,500",189,6.52 inches,6GB,5000mAh,128GB
Tecno,Spark Go 2024,"Rs.25,000",3,6.6 inches,4GB,5000mAh,64GB
Xiaomi,Redmi A2+,"Rs.20,000",6,2.52 inches,3GB,5000mAh,64GB
Vivo,V29e,"Rs.90,000",4,6.67 inches,8GB,5000mAh,256GB
Sparx,Neo 8 Pro,"Rs.23,500",186,6.74 inches,4GB,5000mAh,128GB
Xiaomi,13T Pro,"Rs.250,000",28,6.67 inches,12GB,5000mAh,512GB
Tecno,Spark 10 Pro,"Rs.44,000",13,6.8 inches,8GB,5000mAh,256GB
Tecno,Spark 20C,"Rs.28,000",2,6.6 inches,4GB,5000mAh,128GB
Samsung,Galaxy Z Fold 4,"Rs.540,000",19,6.2 inches,12GB,4400mAh,256GB
Poco,M6 Pro,"Rs.90,000",37,6.67 inches,12GB,5000mAh,512GB
Tecno,Spark 20C,"Rs.28,000",11,6.6 inches,4GB,5000mAh,128GB
Infinix,Note 30,"Rs.45,000",14,6.78 inches,8GB,5000mAh,256GB
Sparx,Neo 8 Plus,"Rs.23,000",186,6.74 inches,4GB,5000mAh,64GB
Xiaomi,Redmi Note 12 4G,"Rs.62,000",3,6.67 inches,8GB,5000mAh,256GB
Motorola,Moto G54 5G,"Rs.40,000",24,6.5 inches,8GB,5000mAh,256GB
Motorola,Moto G23,"Rs.30,000",33,6.5 inches,8GB,5000mAh,128GB
UMIDIGI,A15,"Rs.43,000",52,6.7 inches,8GB,5000mAh,256GB
Infinix,Note 30,"Rs.45,000",20,6.78 inches,8GB,5000mAh,256GB
Motorola,Moto G23,"Rs.30,000",43,6.5 inches,8GB,5000mAh,128GB
Samsung,Galaxy A24 4G,"Rs.61,000",35,6.5 inches,8GB,5000mAh,128GB
Tecno,Phantom V Fold,"Rs.330,000",37,7.85 inches,12GB,5000mAh,512GB
Samsung,Galaxy A05,"Rs.30,000",48,6.7 inches,4GB,5000mAh,128GB
Poco,C65,"Rs.36,000",19,6.74 inches,8GB,5000mAh,256GB
Xiaomi,Redmi A2+,"Rs.20,000",45,2.52 inches,3GB,5000mAh,64GB
Xiaomi,Redmi 13C,"Rs.32,000",3,6.74 inches,6GB,5000mAh,128GB
Samsung,Galaxy A05,"Rs.36,000",10,6.7 inches,6GB,5000mAh,128GB
Samsung,Galaxy A05s,"Rs.38,500",19,6.7 inches,4GB,5000mAh,128GB
Nokia,C12 Pro,"Rs.23,000",45,6.3 inches,4GB,4000mAh,64GB
Infinix,Hot 30i,"Rs.30,000",4,6.56 inches,8GB,4000mAh,128GB
Samsung,Galaxy A05,"Rs.36,000",58,6.7 inches,6GB,5000mAh,128GB
Infinix,Smart 7 HD,"Rs.19,000",5,6.6 inches,2GB,5000mAh,64GB
Xiaomi,13T Pro,"Rs.250,000",47,6.67 inches,12GB,5000mAh,512GB
Infinix,Hot 30 Play,"Rs.29,000",4,6.82 inches,4GB,6000mAh,64GB
Samsung,Galaxy A05,"Rs.30,000",23,6.7 inches,4GB,5000mAh,128GB
Xiaomi,Redmi 12,"Rs.35,000",2,6.79 inches,8GB,5000mAh,128GB
Xiaomi,13T,"Rs.170,000",37,6.67 inches,12GB,5000mAh,256GB
Samsung,Galaxy A04,"Rs.35,500",2,6.5 inches,4GB,5000mAh,64GB
Infinix,Note 30 Pro,"Rs.53,000",9,6.78 inches,8GB,5000mAh,256GB
Nokia,G21,"Rs.30,000",13,6.5 inches,8GB,5050mAh,256GB
Sparx,Neo 7 Ultra,"Rs.29,000",182,6.52 inches,8GB,5000mAh,128GB
Tecno,Spark 20 Pro+,"Rs.52,000",2,6.78 inches,8GB,5000mAh,256GB
Samsung,Galaxy A34 5G,"Rs.117,000",54,6.6 inches,8GB,5000mAh,256GB
ZTE,Blade A72s,"Rs.22,000",60,6.75 inches,4GB,5000mAh,128GB
Vivo,Y17s,"Rs.40,000",3,6.56 inches,6GB,5000mAh,128GB
Tecno,Spark Go 2024,"Rs.25,000",4,6.6 inches,4GB,5000mAh,64GB
Tecno,Pova Neo 2,"Rs.42,000",53,6.82 inches,4GB,7000mAh,128GB
Xiaomi,Redmi Note 12 4G,"Rs.49,000",2,6.67 inches,8GB,5000mAh,128GB
Honor,X9a 5G,"Rs.130,000",40,6.67 inches,8GB,5100mAh,256GB
ZTE,Blade A54,"Rs.20,000",4,6.6 inches,4GB,5000mAh,128GB
Samsung,Galaxy S23 FE,"Rs.185,000",3,6.4 inches,8GB,5000mAh,128GB
Infinix,Hot 40i,"Rs.37,000",3,6.56 inches,8GB,5000mAh,256GB
Infinix,Hot 40i,"Rs.32,000",3,6.56 inches,8GB,5000mAh,128GB
X,Smart Nova 7,"Rs.21,500",3,6.56 inches,4GB,5000mAh,64GB
Samsung,Galaxy S23 Ultra,"Rs.560,000",43,6.8 inches,12GB,5000mAh,512GB
Tecno,Spark 10,"Rs.31,000",10,6.6 inches,4GB,5000mAh,128GB
Oppo,A38,"Rs.45,000",25,6.56 inches,6GB,5000mAh,128GB
Honor,X6a,"Rs.31,000",33,6.56 inches,4GB,5200mAh,128GB
ZTE,Blade A53 Pro,"Rs.21,000",20,6.52 inches,4GB,5000mAh,64GB
Tecno,Spark 10C,"Rs.29,000",37,6.6 inches,4GB,5000mAh,128GB
Samsung,Galaxy A24 4G,"Rs.61,000",57,6.5 inches,8GB,5000mAh,128GB
Tecno,Camon 20 Premier 5G,"Rs.125,000",31,6.67 inches,8GB,5000mAh,512GB
Sparx,Neo 7 Ultra,"Rs.27,500",180,6.52 inches,6GB,5000mAh,128GB
Samsung,Galaxy S23 FE,"Rs.185,000",52,6.4 inches,8GB,5000mAh,128GB
itel,S23,"Rs.25,000",15,6.6 inches,8GB,6000mAh,256GB
Infinix,Note 30,"Rs.45,000",2,6.78 inches,8GB,5000mAh,256GB
Sparx,Neo 11,"Rs.25,500",85,6.52 inches,4GB,5000mAh,128GB
Honor,X6,"Rs.30,000",4,6.5 inches,4GB,5000mAh,64GB
Vivo,V29,"Rs.160,000",32,6.78 inches,12GB,4600mAh,256GB
Infinix,Hot 30,"Rs.38,000",12,6.78 inches,8GB,5000mAh,128GB
Realme,C67 4G,"Rs.40,000",10,6.72 inches,8GB,5000mAh,128GB
Sparx,Neo X,"Rs.24,500",91,6.56 inches,4GB,5000mAh,64GB
ZTE,Blade A54,"Rs.20,000",12,6.6 inches,4GB,5000mAh,128GB
ZTE,Blade A54,"Rs.20,000",21,6.6 inches,4GB,5000mAh,128GB
Infinix,Zero 30 5G,"Rs.109,000",2,6.78 inches,12GB,5000mAh,256GB
Samsung,Galaxy A04s,"Rs.44,000",25,6.5 inches,4GB,5000mAh,128GB
Dcode,Cygnal 3 PRO,"Rs.27,000",17,6.52  inches,4GB,5000mAh,128GB
itel,A70,"Rs.24,000",15,6.6 inches,4GB,5000mAh,128GB
Oppo,A77,"Rs.70,000",11,6.56 inches,4GB,5000mAh,128GB
Tecno,Spark 10C,"Rs.29,000",43,6.6 inches,4GB,5000mAh,128GB
Oppo,A17,"Rs.50,000",4,6.56 inches,4GB,5000mAh,64GB
Calme,4G Lite Touch & Screen,"Rs.7,500",120,2.8 inches,1GB,5000mAh,8GB
Vivo,Y02t,"Rs.32,000",57,6.51 inches,4GB,5000mAh,128GB
Oppo,A17,"Rs.50,000",10,6.56 inches,4GB,5000mAh,64GB
Nokia,G21,"Rs.30,000",19,6.5 inches,4GB,5050mAh,64GB
itel,A70 Pro,"Rs.26,000",15,6.6 inches,4GB,5000mAh,256GB
Vgotel,New 22,"Rs.18,500",23,6.517 inches,4GB,5000mAh,128GB
ZTE,Blade A53 Pro,"Rs.21,000",18,6.52 inches,4GB,5000mAh,64GB
itel,A49,"Rs.18,000",7,6.6 inches,2GB,4000mAh,32GB
Samsung,Galaxy Z Flip 5,"Rs.400,000",7,6.6 inches,8GB,4000mAh,512GB
Xiaomi,Redmi 12,"Rs.38,000",7,6.79 inches,8GB,5000mAh,256GB
Infinix,Hot 30 Play,"Rs.29,000",3,6.82 inches,4GB,6000mAh,64GB
itel,2166,"Rs.2,700",37,0 inches,4GB,1000mAh,64GB
Samsung,Galaxy A34 5G,"Rs.139,000",46,6.6 inches,8GB,5000mAh,128GB
Samsung,Galaxy A24 4G,"Rs.53,000",59,6.5 inches,6GB,5000mAh,128GB
Samsung,Galaxy Z Flip 4,"Rs.333,000",22,6.7 inches,8GB,3700mAh,256GB
Xiaomi,Redmi 12,"Rs.38,000",3,6.79 inches,8GB,5000mAh,256GB
Samsung,Galaxy A04s,"Rs.44,000",2,6.5 inches,4GB,5000mAh,128GB
itel,P40,"Rs.24,000",4,6.6 inches,4GB,6000mAh,128GB
Poco,X5 Pro,"Rs.110,000",22,6.67 inches,8GB,5000mAh,256GB
Sparx,Neo X,"Rs.24,500",87,6.56 inches,4GB,5000mAh,128GB
Sparx,Neo 11,"Rs.25,500",85,6.52 inches,4GB,5000mAh,128GB
Samsung,Galaxy Z Fold 4,"Rs.540,000",41,6.2 inches,12GB,4400mAh,256GB
Nokia,C21,"Rs.16,000",6,6.52 inches,2GB,3000mAh,32GB
Tecno,Spark 20C,"Rs.28,000",3,6.6 inches,4GB,5000mAh,128GB
Samsung,Galaxy A04s,"Rs.40,000",55,6.5 inches,4GB,5000mAh,64GB
Sparx,Neo 7 Ultra,"Rs.29,000",189,6.52 inches,8GB,5000mAh,128GB
Samsung,Galaxy A13,"Rs.58,000",8,6.6 inches,4GB,5000mAh,64GB
Vivo,Y17s,"Rs.40,000",18,6.56 inches,6GB,5000mAh,128GB
Realme,C51,"Rs.24,000",3,6.74 inches,3GB,5000mAh,64GB
Realme,C30,"Rs.20,000",28,6.5 inches,3GB,5000mAh,32GB
Sparx,Neo 5 Pro,"Rs.18,000",14,6.51 inches,2GB,5000mAh,32GB
Realme,C30,"Rs.24,000",2,6.5 inches,4GB,5000mAh,64GB
Vivo,Y36,"Rs.55,000",2,6.64 inches,8GB,5000mAh,256GB
Sparx,S3,"Rs.11,200",6,6.45 inches,2GB,5000mAh,16GB
Honor,X9a 5G,"Rs.130,000",46,6.67 inches,8GB,5100mAh,256GB
Honor,90 Lite 5G,"Rs.90,000",16,6.7 inches,8GB,5000mAh,256GB
Sparx,Neo 8,"Rs.29,500",88,6.56 inches,4GB,5000mAh,128GB
Sparx,Neo X,"Rs.24,500",85,6.56 inches,4GB,5000mAh,128GB
Sparx,Neo 8,"Rs.29,500",83,6.56 inches,4GB,5000mAh,128GB
Vivo,V29,"Rs.160,000",5,6.78 inches,12GB,4600mAh,256GB
Vivo,Y02t,"Rs.26,000",6,6.51 inches,4GB,5000mAh,64GB
Realme,C53,"Rs.35,000",28,6.74 inches,6GB,5000mAh,128GB
Xiaomi,Redmi Note 12 4G,"Rs.62,000",2,6.67 inches,8GB,5000mAh,256GB
itel,S23,"Rs.22,000",11,6.6 inches,8GB,6000mAh,128GB
itel,A49,"Rs.18,000",9,6.6 inches,2GB,4000mAh,32GB
ZTE,Blade V30 Vita,"Rs.25,000",5,6.82 inches,4GB,5000mAh,128GB
itel,A49 Play,"Rs.17,000",5,6.3 inches,2GB,4000mAh,32GB
itel,P40,"Rs.24,000",5,6.6 inches,4GB,6000mAh,64GB
Oppo,A77s,"Rs.75,000",51,6.56 inches,8GB,5000mAh,128GB
Realme,C30,"Rs.24,000",2,6.5 inches,4GB,5000mAh,64GB
Sparx,Neo 5 Pro,"Rs.18,000",11,6.51 inches,2GB,5000mAh,32GB
Samsung,Galaxy Z Flip 5,"Rs.369,000",13,6.7 inches,8GB,5000mAh,256GB
Samsung,Galaxy A34 5G,"Rs.139,000",53,6.6 inches,8GB,5000mAh,128GB
Vgotel,New 15,"Rs.18,500",32,6.517 inches,4GB,5000mAh,64GB
Realme,C33,"Rs.30,000",29,6.5 inches,4GB,5000mAh,64GB
ZTE,Blade A51,"Rs.17,000",42,6.52 inches,2GB,3200mAh,64GB
itel,P40,"Rs.24,000",3,6.6 inches,4GB,6000mAh,64GB
Sparx,Neo 7 Ultra,"Rs.27,500",186,6.52 inches,6GB,5000mAh,128GB
Infinix,Note 30 Pro,"Rs.53,000",10,6.78 inches,8GB,5000mAh,256GB
Samsung,Galaxy Z Fold 5,"Rs.627,000",14,7.6 inches,12GB,4400mAh,256GB
Poco,M6 Pro,"Rs.90,000",42,6.67 inches,12GB,5000mAh,512GB
Dcode,Bold 3 Pro,"Rs.43,000",14,6.78 inches,8GB,5000mAh,128GB
Tecno,Spark 10 Pro,"Rs.44,000",5,6.8 inches,8GB,5000mAh,256GB
Xiaomi,Redmi 13C,"Rs.32,000",3,6.74 inches,6GB,5000mAh,128GB
itel,P40,"Rs.24,000",3,6.6 inches,4GB,6000mAh,128GB
Tecno,Spark Go 2023,"Rs.25,000",23,6.56 inches,4GB,5000mAh,64GB
Infinix,Hot 30 Play,"Rs.29,000",8,6.82 inches,4GB,6000mAh,64GB
Honor,X5,"Rs.20,000",28,6.5 inches,2GB,5000mAh,32GB
Samsung,Galaxy Z Flip 5,"Rs.369,000",38,6.7 inches,8GB,5000mAh,256GB
Realme,C11,"Rs.26,000",2,6.52 inches,4GB,5000mAh,64GB
Realme,C11,"Rs.26,000",5,6.52 inches,4GB,5000mAh,64GB
Samsung,Galaxy A04,"Rs.35,500",5,6.5 inches,4GB,5000mAh,64GB
VgoTel,NEW 7,"Rs.7,500",69,6.5 inches,1GB,5000mAh,16GB
Vgotel,Four 22,"Rs.3,800",15,6.5 inches,1GB,5000mAh,16GB
Oppo,A77s,"Rs.75,000",13,6.56 inches,8GB,5000mAh,128GB
Xiaomi,Redmi 12,"Rs.33,000",5,6.79 inches,4GB,5000mAh,128GB
Q,Smart Blaze,"Rs.21,000",20,6.6 inches,4GB,5000mAh,64GB
Infinix,Zero 30 5G,"Rs.109,000",2,6.78 inches,12GB,5000mAh,256GB
Samsung,Galaxy Z Fold 5,"Rs.627,000",3,7.6 inches,12GB,4400mAh,256GB
Realme,Narzo 50,"Rs.45,000",3,6.6 inches,4GB,5000mAh,64GB
Digit,Infinity Max,"Rs.25,000",23,6.5 inches,3GB,5000mAh,32GB
Samsung,Galaxy Z Flip 5,"Rs.400,000",35,6.7 inches,8GB,5000mAh,512GB
Samsung,Galaxy A73 5G,"Rs.200,000",48,6.7 inches,8GB,5000mAh,256GB
X,Smart Mate 10,"Rs.25,000",52,6.56 inches,4GB,5000mAh,128GB
Tecno,Spark Go 2023,"Rs.25,000",13,6.56 inches,4GB,5000mAh,64GB
Samsung,Galaxy Z Fold 5,"Rs.627,000",51,7.6 inches,12GB,4400mAh,256GB
Tecno,Spark 10,"Rs.31,000",3,6.6 inches,4GB,5000mAh,128GB
Tecno,Spark 10,"Rs.31,000",8,6.6 inches,4GB,5000mAh,128GB
Infinix,Hot 40i,"Rs.29,000",47,6.56 inches,4GB,5000mAh,128GB
Sparx,Neo 7 Ultra,"Rs.27,500",66,6.52 inches,6GB,5000mAh,128GB
Oppo,F21 Pro 5G,"Rs.140,000",30,6.43 inches,8GB,4500mAh,128GB
Samsung,Galaxy A04s,"Rs.44,000",2,6.5 inches,4GB,5000mAh,128GB
Vivo,Y27s,"Rs.47,000",35,6.64 inches,8GB,5000mAh,128GB
Infinix,Hot 30i,"Rs.27,000",2,6.56 inches,4GB,5000mAh,128GB
Infinix,Smart 7 HD,"Rs.19,000",4,6.6 inches,2GB,5000mAh,64GB
Tecno,Pop 7,"Rs.20,000",6,6.6 inches,2GB,5000mAh,64GB
Vivo,Y36,"Rs.60,000",6,6.64 inches,8GB,5000mAh,128GB
Vivo,Y36,"Rs.60,000",47,6.64 inches,8GB,5000mAh,128GB
Vivo,Y02,"Rs.28,000",2,6.51 inches,3GB,5000mAh,32GB
Infinix,Hot 30i,"Rs.30,000",15,6.56 inches,8GB,5000mAh,128GB
Vivo,Y22,"Rs.46,000",14,6.55 inches,4GB,5000mAh,128GB
Poco,X5 Pro,"Rs.110,000",57,6.67 inches,8GB,5000mAh,256GB
Tecno,Pop 7,"Rs.20,000",33,6.6 inches,2GB,5000mAh,64GB
Sparx,Neo 7 Plus,"Rs.23,000",26,6.56 inches,4GB,5000mAh,64GB
itel,A05s,"Rs.21,000",10,6.6 inches,4GB,4000mAh,64GB
Samsung,Galaxy A13,"Rs.63,000",4,6.6 inches,4GB,5000mAh,128GB
Tecno,Pova Neo 2,"Rs.42,000",3,6.82 inches,4GB,7000mAh,128GB
Poco,C65,"Rs.36,000",54,6.74 inches,8GB,5000mAh,256GB
Oppo,A57,"Rs.58,500",3,6.56 inches,4GB,5000mAh,64GB
Samsung,Galaxy A53 5G,"Rs.127,000",3,6.5 inches,8GB,5000mAh,128GB
Realme,C33,"Rs.30,000",4,6.5 inches,4GB,5000mAh,64GB
Realme,C33,"Rs.30,000",5,6.5 inches,4GB,5000mAh,64GB
Infinix,Hot 40 Pro,"Rs.45,000",45,6.78 inches,8GB,5000mAh,256GB
Infinix,Hot 40 Pro,"Rs.45,000",50,6.78 inches,8GB,5000mAh,256GB
Infinix,Hot 40,"Rs.38,000",3,6.78 inches,8GB,5000mAh,256GB
Infinix,Hot 40,"Rs.38,000",58,6.78 inches,8GB,5000mAh,256GB
Infinix,Hot 40,"Rs.38,000",19,6.78 inches,8GB,5000mAh,256GB
Sparx,Neo X,"Rs.24,500",93,6.56 inches,4GB,5000mAh,128GB
Oppo,A16e,"Rs.45,000",9,6.52 inches,4GB,4230mAh,64GB
Xiaomi,Redmi Note 12S,"Rs.75,000",26,6.43 inches,8GB,5000mAh,256GB
Infinix,Zero 30 5G,"Rs.109,000",2,6.78 inches,12GB,5000mAh,256GB
Samsung,Galaxy S23 FE,"Rs.185,000",57,6.4 inches,8GB,5000mAh,128GB
Xiaomi,Redmi 12,"Rs.35,000",7,6.79 inches,8GB,5000mAh,128GB
Tecno,Spark 20,"Rs.33,000",4,6.6 inches,8GB,5000mAh,128GB
itel,A49 Play,"Rs.17,000",9,6.3 inches,2GB,4000mAh,32GB
Xiaomi,Redmi 13C,"Rs.29,000",50,6.74 inches,4GB,5000mAh,128GB
itel,P40,"Rs.24,000",4,6.6 inches,4GB,6000mAh,128GB
itel,S23,"Rs.25,000",10,6.6 inches,8GB,6000mAh,256GB
Samsung,Galaxy S23 FE,"Rs.185,000",52,6.4 inches,8GB,5000mAh,128GB
Calme,4G STAR Touch & Type,"Rs.9,700",122,2.8 inches,2GB,5000mAh,16GB
Infinix,Hot 40 Pro,"Rs.45,000",9,6.78 inches,8GB,5000mAh,256GB
Xiaomi,Redmi 13C,"Rs.29,000",12,6.74 inches,4GB,5000mAh,128GB
Samsung,Galaxy S21 FE 5G,"Rs.178,000",3,6.41 inches,8GB,4500mAh,256GB
Tecno,Spark 10C,"Rs.29,000",14,6.6 inches,4GB,5000mAh,128GB
Samsung,Galaxy S22 5G,"Rs.233,000",2,6.1 inches,8GB,3700mAh,256GB
Nokia,C31,"Rs.23,000",5,6.75 inches,4GB,5050mAh,64GB
Vivo,Y17s,"Rs.35,000",2,6.56 inches,4GB,5000mAh,128GB
X,smart Nova 5,"Rs.18,000",29,6.51 inches,2GB,5000mAh,64GB
Samsung,Galaxy A24 4G,"Rs.53,000",2,6.5 inches,6GB,5000mAh,128GB
Sparx,Neo 5 Pro,"Rs.18,000",9,6.51 inches,2GB,5000mAh,32GB
Xiaomi,Redmi 10C,"Rs.50,000",51,6.71 inches,4GB,5000mAh,128GB
Honor,X5,"Rs.20,000",37,6.5 inches,2GB,5000mAh,32GB
Samsung,Galaxy S23 Ultra,"Rs.560,000",40,6.8 inches,12GB,5000mAh,512GB
Vivo,V25e,"Rs.120,000",6,6.44 inches,8GB,4500mAh,128GB
Samsung,Galaxy A04e,"Rs.36,000",31,6.5 inches,3GB,5000mAh,64GB
itel,A17 3G,"Rs.17,000",34,5 inches,1GB,2400mAh,16GB
Infinix,Note 12 G96,"Rs.61,000",12,6.7 inches,8GB,5000mAh,128GB
Infinix,Smart 6,"Rs.31,000",4,6.6 inches,3GB,5000mAh,64GB
Tecno,Spark 10,"Rs.31,000",7,6.6 inches,4GB,5000mAh,128GB
Samsung,Galaxy S23,"Rs.400,000",2,6.1 inches,8GB,3900mAh,256GB
Samsung,Galaxy A04e,"Rs.34,000",30,6.5 inches,3GB,5000mAh,32GB
Samsung,Galaxy Z Flip 5,"Rs.369,000",35,6.7 inches,8GB,5000mAh,256GB
Infinix,Hot 30 Play,"Rs.39,000",13,6.82 inches,8GB,6000mAh,128GB
Sparx,S7,"Rs.16,500",8,5.45 inches,2GB,6000mAh,32GB
Samsung,Galaxy A04,"Rs.35,500",4,6.5 inches,4GB,6000mAh,64GB
Realme,C33,"Rs.55,000",5,6.5 inches,4GB,5000mAh,128GB
Samsung,Galaxy Z Fold 4,"Rs.575,000",2,6.2 inches,12GB,4400mAh,512GB
Tecno,Camon 20 Premier 5G,"Rs.125,000",2,6.67 inches,8GB,5000mAh,512GB
Sparx,Neo 7 Pro,"Rs.26,500",10,6.67 inches,4GB,5000mAh,64GB
Sparx,Neo 6,"Rs.17,000",5,6.517 inches,3GB,5000mAh,32GB
Samsung,Galaxy A73 5G,"Rs.203,000",2,6.7 inches,8GB,5000mAh,256GB
itel,A70,"Rs.24,000",16,6.6 inches,4GB,5000mAh,128GB
Samsung,Galaxy Z Flip 5,"Rs.369,000",30,6.7 inches,8GB,5000mAh,256GB
Samsung,Galaxy A24 4G,"Rs.61,000",3,6.5 inches,8GB,5000mAh,128GB
Tecno,Camon 19 Neo,"Rs.50,000",11,6.8 inches,6GB,5000mAh,128GB
Realme,9 Pro+ 5G,"Rs.60,000",3,6.4 inches,8GB,4500mAh,128GB
Samsung,Galaxy Z Fold 4,"Rs.540,000",40,6.2 inches,12GB,4400mAh,256GB
Xiaomi,Redmi A1+,"Rs.20,000",5,6.52 inches,2GB,5000mAh,32GB
Samsung,Galaxy Z Flip 4,"Rs.333,000",33,6.7 inches,8GB,3700mAh,256GB
Infinix,Hot 30 Play,"Rs.39,000",2,6.82 inches,8GB,6000mAh,128GB
Samsung,Galaxy S23 Ultra,"Rs.560,000",31,6.8 inches,12GB,5000mAh,512GB
Samsung,Galaxy A24 4G,"Rs.53,000",52,6.5 inches,6GB,5000mAh,128GB
Samsung,Galaxy A13,"Rs.58,000",2,6.6 inches,4GB,5000mAh,64GB
Poco,X5 Pro,"Rs.110,000",33,6.67 inches,8GB,5000mAh,256GB
Infinix,Zero 20,"Rs.86,000",6,6.7 inches,8GB,5000mAh,256GB
Vivo,Y35,"Rs.90,000",55,6.58 inches,8GB,5000mAh,128GB
Samsung,Galaxy S22 Ultra 5G,"Rs.425,000",3,6.8 inches,12GB,5000mAh,256GB
Xiaomi,Redmi 12,"Rs.33,000",6,6.79 inches,4GB,5000mAh,128GB
X,Smart Nova 7,"Rs.21,500",2,6.56 inches,4GB,5000mAh,64GB
X,Smart Nova 7,"Rs.21,500",2,6.56 inches,4GB,5000mAh,64GB
Tecno,Spark 10C,"Rs.29,000",5,6.6 inches,4GB,5000mAh,128GB
Tecno,Pova Neo 2,"Rs.42,000",2,6.82 inches,4GB,7000mAh,128GB
Xiaomi,Redmi 10A,"Rs.29,000",3,6.53 inches,3GB,7000mAh,64GB
Nokia,G21,"Rs.36,000",12,6.5 inches,3GB,5050mAh,64GB
OnePlus,Nord CE 2 5G,"Rs.122,000",12,6.43 inches,8GB,4500mAh,128GB
Samsung,Galaxy A73 5G,"Rs.203,000",8,6.7 inches,8GB,5000mAh,256GB
Honor,X6,"Rs.47,000",42,6.5 inches,4GB,5000mAh,128GB
Nokia,8210 4G,"Rs.18,000",2,2.8 inches,4GB,1450mAh,128GB
Samsung,Galaxy A54 5G,"Rs.161,500",55,6.4 inches,8GB,5000mAh,128GB
Samsung,Galaxy A05,"Rs.30,000",26,6.7 inches,4GB,5000mAh,128GB
Xiaomi,Redmi A2+,"Rs.20,000",2,2.52 inches,3GB,5000mAh,64GB
Realme,9,"Rs.90,000",9,6.4 inches,8GB,5000mAh,128GB
Samsung,Galaxy A34 5G,"Rs.117,000",16,6.6 inches,8GB,5000mAh,256GB
Samsung,Galaxy A04s,"Rs.40,000",10,6.5 inches,4GB,5000mAh,64GB
Xiaomi,Redmi 10A,"Rs.33,000",13,6.53 inches,4GB,5000mAh,128GB
Calme,4G HERO Touch & Type,"Rs.8,700",13,6.53 inches,2GB,5000mAh,16GB
Sparx,Neo 5 Plus,"Rs.19,500",17,6.56 inches,3GB,5000mAh,64GB
Samsung,Galaxy A14,"Rs.57,000",39,6.6 inches,4GB,5000mAh,128GB
Samsung,Galaxy A14,"Rs.60,000",5,6.6 inches,6GB,5000mAh,128GB
Samsung,Galaxy A14,"Rs.60,000",6,6.6 inches,6GB,5000mAh,128GB
Sparx,Neo 5,"Rs.21,500",3,6.517 inches,2GB,5000mAh,32GB
Xiaomi,Redmi 12C,"Rs.30,000",4,6.71 inches,4GB,5000mAh,128GB
Samsung,Galaxy Z Flip 4,"Rs.333,000",27,6.7 inches,8GB,3700mAh,256GB
Tecno,Spark 9T,"Rs.40,000",2,6.6 inches,4GB,5000mAh,64GB
Nokia,8210 4G,"Rs.18,000",4,2.8 inches,4GB,1450mAh,64GB
Samsung,Galaxy A04s,"Rs.40,000",2,6.5 inches,4GB,5000mAh,64GB
Honor,X6,"Rs.47,000",3,6.5 inches,4GB,5000mAh,128GB
Honor,X5,"Rs.20,000",11,6.5 inches,2GB,5000mAh,32GB
Samsung,Galaxy A34 5G,"Rs.135,000",2,6.6 inches,6GB,5000mAh,128GB
Realme,C25s,"Rs.45,000",4,6.5 inches,4GB,6000mAh,64GB
Oppo,A96,"Rs.78,000",10,6.56 inches,8GB,5000mAh,128GB
Samsung,Galaxy A54 5G,"Rs.157,000",39,6.4 inches,6GB,5000mAh,128GB
Realme,C25s,"Rs.50,000",58,6.5 inches,4GB,6000mAh,64GB
Realme,C33,"Rs.55,000",2,6.5 inches,4GB,5000mAh,128GB
ZTE,Blade A52,"Rs.20,000",22,6.52 inches,4GB,5000mAh,64GB
Vgotel,New 12,"Rs.16,700",33,6.517 inches,2GB,5000mAh,64GB
itel,Vision 3,"Rs.35,000",3,6.6 inches,3GB,5000mAh,64GB
Infinix,Note 12 G96,"Rs.61,000",16,6.7 inches,8GB,5000mAh,128GB
ZTE,Blade V30 Vita,"Rs.25,000",9,6.82 inches,4GB,5000mAh,128GB
ZTE,Blade A51,"Rs.17,000",2,6.52 inches,2GB,3200mAh,64GB
Xiaomi,Redmi 12C,"Rs.30,000",3,6.71 inches,4GB,5000mAh,128GB
Xiaomi,Redmi A1+,"Rs.20,000",7,6.52 inches,2GB,5000mAh,32GB
Samsung,Galaxy A14,"Rs.57,000",32,6.6 inches,4GB,5000mAh,128GB
Xiaomi,Redmi 10A,"Rs.33,000",39,6.53 inches,4GB,5000mAh,128GB
Honor,X6,"Rs.30,000",52,6.5 inches,4GB,5000mAh,64GB
ZTE,Blade A52,"Rs.20,000",9,6.52 inches,4GB,5000mAh,64GB
Nokia,8210 4G,"Rs.17,000",4,2.8 inches,4GB,1450mAh,64GB
Samsung,Galaxy A34 5G,"Rs.135,000",27,6.6 inches,6GB,5000mAh,128GB
Infinix,Note 30 VIP,"Rs.110,000",13,6.67 inches,12GB,5000mAh,256GB
Infinix,Zero 20,"Rs.86,000",6,6.7 inches,8GB,5000mAh,256GB
Xiaomi,Redmi 12C,"Rs.25,000",10,6.71 inches,4GB,5000mAh,64GB
Vivo,Y73,"Rs.90,000",3,6.44 inches,8GB,4000mAh,128GB
Xiaomi,Redmi 12C,"Rs.30,000",2,6.71 inches,4GB,5000mAh,128GB
Realme,C33,"Rs.55,000",25,6.5 inches,4GB,5000mAh,128GB
Samsung,Galaxy A14,"Rs.60,000",7,6.6 inches,6GB,5000mAh,128GB
Xiaomi,Redmi 12C,"Rs.25,000",3,6.71 inches,4GB,5000mAh,64GB
Samsung,Galaxy A53 5G,"Rs.127,000",2,6.5 inches,8GB,5000mAh,128GB
Xiaomi,Redmi 12C,"Rs.25,000",3,6.71 inches,4GB,5000mAh,64GB
Xiaomi,Redmi 12C,"Rs.25,000",7,6.71 inches,4GB,5000mAh,64GB
Realme,Narzo 50,"Rs.45,000",7,6.6 inches,4GB,5000mAh,64GB
Samsung,Galaxy A05s,"Rs.45,000",39,6.7 inches,6GB,5000mAh,128GB
Samsung,Galaxy Z Fold 5,"Rs.657,000",30,7.6 inches,12GB,4400mAh,512GB
Realme,Narzo 50i,"Rs.25,000",49,6.5 inches,4GB,5000mAh,64GB
ZTE,Blade A31 Plus,"Rs.18,000",5,6.5 inches,4GB,3000mAh,64GB
Xiaomi,Redmi 12C,"Rs.30,000",7,6.71 inches,4GB,5000mAh,128GB
Honor,X6,"Rs.47,000",45,6.5 inches,4GB,5000mAh,128GB
itel,P40,"Rs.24,000",3,6.6 inches,4GB,6000mAh,64GB
Vgotel,New 20,"Rs.26,000",11,6.52 inches,4GB,5000mAh,64GB
Poco,C65,"Rs.36,000",46,6.74 inches,6GB,5000mAh,128GB
Realme,Narzo 50i,"Rs.25,000",10,6.5 inches,4GB,5000mAh,64GB
Poco,C65,"Rs.36,000",39,6.74 inches,6GB,5000mAh,128GB
Digit,Infinity,"Rs.25,000",23,6.5 inches,2GB,5000mAh,32GB
Samsung,Galaxy S21 FE 5G,"Rs.168,000",4,6.41 inches,8GB,4500mAh,128GB
Xiaomi,Redmi 10C,"Rs.50,000",2,6.71 inches,4GB,5000mAh,128GB
Samsung,Galaxy A04e,"Rs.36,000",46,6.5 inches,3GB,5000mAh,64GB
Samsung,Galaxy A04e,"Rs.36,000",27,6.5 inches,3GB,5000mAh,64GB
Vgotel,New 20,"Rs.26,000",10,6.52 inches,4GB,5000mAh,64GB
Sparx,Neo 7,"Rs.26,000",22,6.52 inches,3GB,5000mAh,64GB
Tecno,Spark 10 Pro,"Rs.40,000",38,6.8 inches,8GB,5000mAh,128GB
Sparx,Neo 7 Pro,"Rs.26,500",17,6.8 inches,4GB,5000mAh,64GB
Tecno,Spark 8C,"Rs.39,000",15,6.6 inches,4GB,5000mAh,128GB
Sparx,Neo 6,"Rs.17,000",3,6.517 inches,3GB,5000mAh,32GB
Samsung,Galaxy A13,"Rs.58,000",45,6.6 inches,4GB,5000mAh,64GB
Samsung,Galaxy S21 FE 5G,"Rs.179,000",16,6.41 inches,8GB,4500mAh,256GB
Tecno,Camon 19 Neo,"Rs.50,000",26,6.8 inches,6GB,5000mAh,128GB
Sparx,S6,"Rs.12,200",7,5.45 inches,2GB,5000mAh,32GB
Tecno,Camon 19 Neo,"Rs.50,000",4,6.8 inches,6GB,5000mAh,128GB
ZTE,Blade A31 Plus,"Rs.18,000",4,6.8 inches,6GB,3000mAh,128GB
Tecno,POP 5 LTE,"Rs.25,000",7,6.52 inches,2GB,5000mAh,32GB
Vivo,Y16,"Rs.40,000",13,6.51 inches,4GB,5000mAh,64GB
Tecno,Spark Go 2023,"Rs.25,000",8,6.56 inches,4GB,5000mAh,64GB
Tecno,Spark 9T,"Rs.40,000",24,6.6 inches,4GB,5000mAh,64GB
Tecno,Spark 9T,"Rs.40,000",12,6.6 inches,4GB,5000mAh,64GB
Sparx,S9,"Rs.13,500",7,6.088 inches,2GB,5000mAh,32GB
Xiaomi,Redmi Note 12 Pro 4G,"Rs.90,000",12,6.67 inches,8GB,5000mAh,256GB
Xiaomi,Redmi Note 12,"Rs.55,000",10,6.67 inches,6GB,5000mAh,128GB
Xiaomi,Redmi Note 12 Pro 4G,"Rs.90,000",2,6.67 inches,8GB,5000mAh,256GB
Xiaomi,Redmi Note 12 Pro 4G,"Rs.90,000",10,6.67 inches,8GB,5000mAh,256GB
Tecno,Pova Neo,"Rs.36,000",14,6.8 inches,4GB,6000mAh,64GB
itel,Vision 3,"Rs.23,000",8,6.6 inches,2GB,5000mAh,32GB
Tecno,Spark 10 Pro,"Rs.40,000",37,6.8 inches,8GB,5000mAh,128GB
Tecno,POP 5 LTE,"Rs.25,000",10,6.52 inches,2GB,5000mAh,32GB
itel,Vision 3,"Rs.23,000",3,6.6 inches,2GB,5000mAh,32GB
itel,Vision 3,"Rs.35,000",5,6.6 inches,3GB,5000mAh,64GB
Realme,C25s,"Rs.55,000",3,6.5 inches,4GB,6000mAh,128GB
Samsung,Galaxy A23,"Rs.78,500",3,6.6 inches,6GB,5000mAh,128GB
Vivo,V27e,"Rs.100,000",8,6.62 inches,8GB,4600mAh,256GB
Samsung,Galaxy A23,"Rs.78,500",10,6.6 inches,6GB,5000mAh,128GB
Vivo,V27e,"Rs.100,000",10,6.62 inches,8GB,4600mAh,256GB
Samsung,Galaxy A23,"Rs.78,500",7,6.6 inches,6GB,5000mAh,128GB
Samsung,Galaxy A23,"Rs.78,500",7,6.6 inches,6GB,5000mAh,128GB
Vivo,Y27,"Rs.52,000",2,6.64 inches,6GB,5000mAh,128GB
Vivo,V27e,"Rs.100,000",8,6.62 inches,8GB,4600mAh,256GB
Vivo,Y27,"Rs.52,000",17,6.64 inches,6GB,5000mAh,128GB
Samsung,Galaxy S23,"Rs.400,000",52,6.1 inches,8GB,3900mAh,256GB
Samsung,Galaxy S23,"Rs.400,000",56,6.1 inches,8GB,3900mAh,256GB
Samsung,Galaxy S23,"Rs.400,000",40,6.1 inches,8GB,3900mAh,256GB
Samsung,Galaxy S22 5G,"Rs.233,000",21,6.1 inches,8GB,3700mAh,256GB
Vivo,V25 5G,"Rs.150,000",2,6.44 inches,12GB,5000mAh,256GB
Tecno,POP 5 LTE,"Rs.25,000",7,6.52 inches,2GB,5000mAh,32GB
Realme,9i,"Rs.73,000",10,6.6 inches,6GB,5000mAh,128GB
Samsung,Galaxy Z Flip 4,"Rs.333,000",2,6.7 inches,8GB,3700mAh,256GB
Samsung,Galaxy A53 5G,"Rs.127,000",13,6.5 inches,8GB,5000mAh,128GB
ZTE,REDMAGIC 6S Pro,"Rs.195,000",3,6.8 inches,8GB,5050mAh,128GB
Vivo,V25e,"Rs.120,000",31,6.44 inches,8GB,4500mAh,128GB
Infinix,Zero 20,"Rs.86,000",9,6.7 inches,8GB,5000mAh,256GB
Xiaomi,Redmi A1+,"Rs.22,000",3,6.52 inches,3GB,5000mAh,32GB
Tecno,Spark 8C,"Rs.39,000",12,6.6 inches,4GB,5000mAh,128GB
Vivo,Y16,"Rs.40,000",3,6.51 inches,4GB,5000mAh,64GB
Realme,C25Y,"Rs.50,000",5,6.5 inches,4GB,5000mAh,64GB
Realme,C25s,"Rs.55,000",3,6.5 inches,4GB,6000mAh,128GB
Samsung,Galaxy Z Fold 4,"Rs.575,000",3,6.2 inches,12GB,4400mAh,512GB
Samsung,Galaxy S22 Ultra 5G,"Rs.425,000",4,6.8 inches,12GB,5000mAh,256GB
Samsung,Galaxy A53 5G,"Rs.127,000",5,6.5 inches,8GB,5000mAh,128GB
Realme,9,"Rs.90,000",2,6.4 inches,8GB,5000mAh,128GB
Oppo,F21 Pro 5G,"Rs.140,000",7,6.43 inches,8GB,4500mAh,128GB
Samsung,Galaxy S22 Ultra 5G,"Rs.425,000",3,6.8 inches,12GB,5000mAh,256GB
Realme,GT Master Edition,"Rs.107,000",4,6.43 inches,8GB,4300mAh,128GB
Samsung,Galaxy Z Fold 4,"Rs.575,000",13,6.2 inches,12GB,4400mAh,512GB
Samsung,Galaxy S22 5G,"Rs.233,000",34,6.1 inches,8GB,3700mAh,256GB
Samsung,Galaxy S22 5G,"Rs.233,000",42,6.1 inches,8GB,3700mAh,256GB
Vivo,Y22,"Rs.58,000",17,6.55 inches,4GB,5000mAh,64GB
Vivo,V25 5G,"Rs.150,000",52,6.44 inches,12GB,5000mAh,256GB
Xiaomi,Redmi 10A,"Rs.33,000",5,6.53 inches,4GB,5000mAh,128GB
Vivo,Y35,"Rs.90,000",4,6.58 inches,8GB,5000mAh,128GB
Xiaomi,Redmi A1+,"Rs.22,000",5,6.52 inches,3GB,5000mAh,32GB
Xiaomi,Redmi 10C,"Rs.50,000",4,6.71 inches,4GB,5000mAh,128GB
Vivo,Y22,"Rs.46,000",38,6.55 inches,4GB,5000mAh,128GB
Xiaomi,Redmi 10A,"Rs.29,000",2,6.53 inches,3GB,5000mAh,64GB
Oppo,A57,"Rs.50,000",4,6.56 inches,3GB,5000mAh,64GB
Infinix,Note 12 G96,"Rs.61,000",24,6.7 inches,8GB,5000mAh,128GB
Dcode,Cygnal 2 LITE,"Rs.25,500",9,6.52 inches,2GB,5000mAh,32GB
Realme,GT Master Edition,"Rs.122,000",2,6.43 inches,8GB,4300mAh,256GB
Tecno,Camon 19 Pro,"Rs.63,000",16,6.8 inches,8GB,5000mAh,128GB
Dcode,Bold 2,"Rs.37,500",11,6.52 inches,4GB,5000mAh,64GB
Vivo,Y02s,"Rs.28,000",5,6.51 inches,3GB,5000mAh,32GB
ZTE,Blade A52,"Rs.20,000",59,6.52 inches,4GB,5000mAh,64GB
Realme,C21,"Rs.40,000",3,6.5 inches,3GB,5000mAh,32GB
Vivo,Y02s,"Rs.28,000",4,6.51 inches,3GB,5000mAh,32GB
Infinix,Note 12 G88,"Rs.54,000",3,6.7 inches,6GB,5000mAh,128GB
Xiaomi,Redmi A1+,"Rs.20,000",2,6.52 inches,2GB,5000mAh,32GB
Oppo,A57,"Rs.50,000",8,6.56 inches,3GB,5000mAh,64GB
Oppo,F21 Pro,"Rs.120,000",32,6.43 inches,8GB,4500mAh,128GB
Tecno,Camon 19 Pro,"Rs.50,000",8,6.8 inches,8GB,5000mAh,128GB
ZTE,REDMAGIC 6S Pro Ghost Edition,"Rs.230,000",4,6.8 inches,8GB,5050mAh,128GB
Vivo,Y55,"Rs.70,000",5,6.44 inches,8GB,5000mAh,128GB
Oppo,A54,"Rs.60,000",7,6.51 inches,4GB,5000mAh,128GB
Xiaomi,Redmi 10A,"Rs.29,000",49,6.53 inches,3GB,5000mAh,64GB
Tecno,Camon 19 Pro,"Rs.50,000",5,6.8 inches,8GB,5000mAh,128GB
Oppo,A76,"Rs.66,000",6,6.56 inches,6GB,5000mAh,128GB
Realme,9,"Rs.90,000",3,6.4 inches,8GB,5000mAh,128GB
Tecno,Spark 8 Pro,"Rs.42,000",5,6.8 inches,4GB,5000mAh,64GB
Xiaomi,13,Price Not Available,49,6.36 inches,12GB,4500mAh,256GB
Vivo,X80,"Rs.195,000",39,6.78 inches,12GB,4500mAh,256GB
Realme,C21,"Rs.40,000",2,6.5 inches,3GB,5000mAh,32GB
Realme,GT Master Edition,"Rs.122,000",58,6.43 inches,8GB,4300mAh,256GB
Xiaomi,Redmi 10C,"Rs.47,000",2,6.71 inches,4GB,5000mAh,64GB
Realme,9i,"Rs.73,000",7,6.6 inches,6GB,5000mAh,128GB
Vivo,Y55,"Rs.70,000",3,6.44 inches,8GB,5000mAh,128GB
Xiaomi,13 Pro,Price Not Available,23,6.73 inches,12GB,4820mAh,256GB
Huawei,Y7a,"Rs.33,700",11,6.67 inches,4GB,4820mAh,128GB
Huawei,Y7a,"Rs.33,700",13,6.67 inches,4GB,4820mAh,128GB
Xiaomi,12T Pro,Price Not Available,10,6.67 inches,12GB,5000mAh,256GB
Xiaomi,12T,Price Not Available,59,6.67 inches,8GB,5000mAh,256GB
itel,A23 Pro 4G,"Rs.18,000",18,5 inches,1GB,2400mAh,8GB
Oppo,F21 Pro,"Rs.120,000",13,6.43 inches,8GB,4500mAh,128GB
Samsung,Galaxy A13,"Rs.63,000",5,6.6 inches,4GB,5000mAh,128GB
Infinix,Note 12 G88,"Rs.54,000",8,6.7 inches,6GB,5000mAh,128GB
Vivo,Y01,"Rs.24,000",5,6.51 inches,2GB,5000mAh,32GB
Oppo,A76,"Rs.66,000",3,6.56 inches,6GB,5000mAh,128GB
Xiaomi,Redmi 10C,"Rs.47,000",15,6.71 inches,4GB,5000mAh,64GB
Vivo,X80,"Rs.195,000",12,6.78 inches,12GB,4500mAh,256GB
Samsung,Galaxy A03,"Rs.49,000",4,6.5 inches,4GB,5000mAh,64GB
Samsung,Galaxy A03,"Rs.34,000",4,6.5 inches,3GB,5000mAh,32GB
Samsung,Galaxy A03,"Rs.49,000",6,6.5 inches,4GB,5000mAh,64GB
Samsung,Galaxy A03,"Rs.49,000",18,6.5 inches,4GB,5000mAh,64GB
Samsung,Galaxy A03,"Rs.34,000",3,6.5 inches,3GB,5000mAh,32GB
itel,P17 Pro 3G,"Rs.24,000",10,5.5 inches,2GB,5000mAh,32GB
Oppo,A96,"Rs.78,000",7,6.56 inches,8GB,5000mAh,128GB
itel,P17 Pro 3G,"Rs.24,000",10,5.5 inches,2GB,5000mAh,32GB
Xiaomi,12,"Rs.180,000",5,6.28 inches,12GB,4500mAh,256GB
Xiaomi,12,"Rs.180,000",3,6.28 inches,12GB,4500mAh,256GB
Xiaomi,12,"Rs.180,000",2,6.28 inches,12GB,4500mAh,256GB
Xiaomi,Redmi Note 11,"Rs.70,000",6,6.43 inches,6GB,5000mAh,128GB
Xiaomi,Redmi Note 11,"Rs.70,000",8,6.43 inches,6GB,5000mAh,128GB
Xiaomi,Redmi Note 11,"Rs.65,000",4,6.43 inches,4GB,5000mAh,128GB
Xiaomi,Redmi Note 11,"Rs.65,000",7,6.43 inches,4GB,5000mAh,128GB
Xiaomi,Redmi Note 11,"Rs.70,000",9,6.43 inches,6GB,5000mAh,128GB
Xiaomi,Redmi Note 11,"Rs.65,000",4,6.43 inches,4GB,5000mAh,128GB
Xiaomi,Redmi Note 11 Pro,"Rs.95,000",8,6.67 inches,8GB,5000mAh,128GB
Oppo,A16e,"Rs.40,000",4,6.52 inches,4GB,4230mAh,64GB
Tecno,Spark 10 Pro,"Rs.40,000",8,6.8 inches,8GB,5000mAh,128GB
Digit,Glory 1,"Rs.16,000",24,5 inches,2GB,5000mAh,32GB
Infinix,Hot 12,"Rs.45,000",26,6.56 inches,6GB,5000mAh,128GB
OPPO,A17k,Price Not Available,2,6.56 inches,3GB,5000mAh,64GB
Tecno,Pova Neo,"Rs.36,000",4,6.8 inches,4GB,6000mAh,64GB
Tecno,Pova Neo,"Rs.36,000",4,6.8 inches,4GB,6000mAh,64GB
Infinix,Hot 30,"Rs.33,000",45,6.78 inches,4GB,5000mAh,128GB
Infinix,Hot 30,"Rs.38,000",5,6.78 inches,8GB,5000mAh,128GB
Tecno,Spark 10 Pro,"Rs.40,000",5,6.8 inches,8GB,5000mAh,128GB
Vivo,Y21T,"Rs.60,000",5,6.51 inches,4GB,5000mAh,128GB
Infinix,Hot 12,"Rs.45,000",30,6.56 inches,6GB,5000mAh,128GB
Realme,C30,"Rs.20,000",2,6.5 inches,3GB,5000mAh,32GB
Realme,C35,"Rs.50,000",11,6.6 inches,4GB,5000mAh,128GB
Samsung,Galaxy A33 5G,"Rs.105,000",53,6.4 inches,6GB,5000mAh,128GB
Samsung,Galaxy A33 5G,"Rs.112,500",4,6.4 inches,8GB,5000mAh,128GB
ZTE,Blade V50 Design,"Rs.29,000",3,6.6 inches,8GB,5000mAh,256GB
ZTE,Blade V50 Design,"Rs.29,000",5,6.6 inches,8GB,5000mAh,256GB
Vivo,V23 5G,"Rs.132,000",2,6.44 inches,8GB,4200mAh,256GB
Samsung,Galaxy S21 FE 5G,"Rs.168,000",57,6.41 inches,8GB,4500mAh,128GB
Oppo,Reno 6 Pro 5G,"Rs.150,000",6,6.55 inches,12GB,4500mAh,256GB
Realme,C35,"Rs.50,000",27,6.6 inches,4GB,5000mAh,128GB
Infinix,Hot 12,"Rs.45,000",10,6.56 inches,6GB,5000mAh,128GB
Infinix,Hot 30,"Rs.38,000",2,6.78 inches,8GB,5000mAh,128GB
Samsung,Galaxy A33 5G,"Rs.112,500",5,6.4 inches,8GB,5000mAh,128GB
Samsung,Galaxy A33 5G,"Rs.112,500",3,6.4 inches,8GB,5000mAh,128GB
Dcode,Bold 3 Pro,"Rs.43,000",15,6.78 inches,8GB,5000mAh,128GB
ZTE,Blade V50 Design,"Rs.29,000",37,6.6 inches,8GB,5000mAh,256GB
Oppo,Reno 6 Pro 5G,"Rs.150,000",11,6.55 inches,12GB,4500mAh,256GB
Samsung,Galaxy A14,"Rs.57,000",28,6.6 inches,4GB,5000mAh,128GB
Oppo,A54,"Rs.60,000",15,6.51 inches,4GB,5000mAh,128GB
Realme,C25Y,"Rs.50,000",30,6.5 inches,4GB,5000mAh,64GB
Samsung,Galaxy A32,"Rs.80,000",3,6.4 inches,6GB,5000mAh,128GB
Vivo,Y21,"Rs.44,000",10,6.51 inches,4GB,5000mAh,64GB
Samsung,Galaxy A32,"Rs.80,000",14,6.4 inches,6GB,5000mAh,128GB
Samsung,Galaxy A32,"Rs.80,000",24,6.4 inches,6GB,5000mAh,128GB
Infinix,Smart 7,"Rs.26,000",3,6.6 inches,4GB,5000mAh,64GB
Infinix,Smart 7,"Rs.26,000",17,6.6 inches,4GB,5000mAh,64GB
Infinix,Smart 6,"Rs.31,000",7,6.6 inches,3GB,5000mAh,64GB
Vivo,Y21,"Rs.44,000",13,6.51 inches,4GB,5000mAh,64GB
Infinix,Smart 7,"Rs.26,000",5,6.6 inches,4GB,5000mAh,64GB
Vivo,V23 5G,"Rs.132,000",11,6.44 inches,4GB,4200mAh,64GB
Infinix,Smart 7,"Rs.26,000",4,6.6 inches,4GB,5000mAh,64GB
Realme,GT Master Edition,"Rs.107,000",2,6.43 inches,8GB,4300mAh,128GB
G,five Stark,"Rs.9,000",28,5.45 inches,1GB,3000mAh,16GB
Apple,iPhone 11,"Rs.165,000",3,6.1 inches,4GB,3110mAh,128GB
Apple,iPhone 15 Pro Max,"Rs.488,000",3,6.7 inches,8GB,4422mAh,256GB
Apple,iPhone 12,"Rs.200,000",22,6.1 inches,4GB,2815mAh,128GB
Apple,iPhone 15 Plus,"Rs.375,000",47,6.7 inches,6GB,4383mAh,128GB
Apple,iPhone 15 Pro,"Rs.440,000",47,6.1 inches,8GB,3274mAh,128GB
Apple,iPhone 15 Plus,"Rs.413,000",53,6.7 inches,6GB,4383mAh,256GB
Apple,iPhone 15 Plus,"Rs.375,000",42,6.7 inches,6GB,4383mAh,128GB
Apple,iPhone 12,"Rs.225,000",45,6.1 inches,4GB,2815mAh,256GB
Apple,iPhone 12,"Rs.200,000",18,6.1 inches,4GB,2815mAh,128GB
Apple,iPhone 12,"Rs.225,000",45,6.1 inches,4GB,2815mAh,256GB
Apple,iPhone 11,"Rs.165,000",3,6.1 inches,4GB,3110mAh,128GB
Apple,iPhone 14,"Rs.285,500",4,6.1 inches,6GB,3279mAh,128GB
Apple,iPhone 13,"Rs.249,500",3,6.1 inches,4GB,3279mAh,128GB
Apple,iPhone 16 Pro Max,Price Not Available,24,6.9 inches,8GB,4676mAh,256GB
Apple,iPhone 16 Pro,Price Not Available,34,6.3 inches,8GB,4676mAh,256GB
Apple,iPhone 16 Plus,Price Not Available,52,6.7 inches,8GB,500mAh,256GB
Apple,iPhone 15 Plus,"Rs.375,000",24,6.7 inches,6GB,4383mAh,128GB
Apple,iPhone 13,"Rs.249,500",57,6.1 inches,4GB,4383mAh,128GB
Apple,iPhone 16,Price Not Available,26,6.1 inches,8GB,500mAh,128GB
Apple,iPhone 15 Plus,"Rs.413,000",51,6.7 inches,6GB,4383mAh,256GB
Apple,iPhone 15 Pro Max,"Rs.635,000",29,6.7 inches,6GB,4422mAh,256GB
Apple,iPhone 15,"Rs.337,500",15,6.1 inches,6GB,3349mAh,128GB
Apple,iPhone 15 Pro Max,"Rs.488,000",29,6.7 inches,8GB,4422mAh,256GB
Apple,iPhone 15 Pro Max,"Rs.584,500",36,6.7 inches,8GB,4422mAh,512GB
Apple,iPhone 15 Pro Max,"Rs.488,000",36,6.7 inches,8GB,4422mAh,256GB
Apple,iPhone 15 Pro Max,"Rs.488,000",2,6.7 inches,8GB,4422mAh,256GB
Apple,iPhone 15 Pro,"Rs.455,300",24,6.1 inches,8GB,3274mAh,256GB
Apple,iPhone 14 Plus,"Rs.525,000",50,6.7 inches,6GB,3274mAh,512GB
Apple,iPhone 15,"Rs.375,500",38,6.1 inches,6GB,3349mAh,256GB
Apple,iPhone 15 Pro,"Rs.538,000",21,6.1 inches,8GB,3274mAh,512GB
Apple,iPhone 15 Pro,"Rs.419,500",23,6.1 inches,8GB,3274mAh,128GB
Apple,iPhone 14,"Rs.486,000",17,6.1 inches,6GB,3279mAh,512GB
Apple,iPhone 14 Pro Max,"Rs.595,000",4,6.7 inches,6GB,4323mAh,256GB
Apple,iPhone 14 Pro Max,"Rs.670,000",4,6.7 inches,6GB,4323mAh,512GB
Apple,iPhone 14 Pro Max,"Rs.670,000",4,6.7 inches,6GB,4323mAh,512GB
Apple,iPhone 14 Pro,"Rs.595,000",5,6.1 inches,6GB,3000mAh,256GB
Apple,iPhone 14 Pro,"Rs.565,000",4,6.1 inches,6GB,3000mAh,128GB
Apple,iPhone 14 Pro Max,"Rs.735,000",4,6.7 inches,6GB,4323mAh,128GB
Apple,iPhone 14 Pro Max,"Rs.560,000",4,6.7 inches,6GB,4323mAh,128GB
Apple,iPhone 14 Plus,"Rs.450,000",45,6.7 inches,6GB,4323mAh,256GB
Apple,iPhone 14 Plus,"Rs.415,000",48,6.7 inches,6GB,4323mAh,128GB
Apple,iPhone 14 Pro,"Rs.690,000",15,6.1 inches,6GB,3000mAh,128GB
Apple,iPhone 14 Pro,"Rs.620,000",46,6.1 inches,6GB,3000mAh,512GB
Apple,iPhone 14 Pro,"Rs.550,000",57,6.1 inches,6GB,3000mAh,256GB
Apple,iPhone 14,"Rs.381,000",60,6.1 inches,6GB,3279mAh,128GB
Apple,iPhone 14,"Rs.416,000",34,6.1 inches,6GB,3279mAh,256GB
Apple,iPhone 14,"Rs.416,000",25,6.1 inches,6GB,3279mAh,256GB
Apple,iPhone 13 Pro Max,"Rs.396,100",7,6.7 inches,6GB,4352mAh,256GB
Apple,iPhone 13,"Rs.300,400",5,6.1 inches,4GB,4352mAh,256GB
Apple,iPhone 13 Pro,"Rs.375,000",3,6.1 inches,6GB,3095mAh,256GB
Apple,iPhone 13 Pro,"Rs.367,600",3,6.1 inches,6GB,3095mAh,256GB
Apple,iPhone 13 Pro Max,"Rs.396,100",5,6.7 inches,6GB,4352mAh,256GB
Apple,iPhone 13,"Rs.357,600",5,6.1 inches,4GB,4352mAh,512GB
Apple,iPhone 13 Pro Max,"Rs.367,600",4,6.7 inches,6GB,4352mAh,128GB
Apple,iPhone 13 Pro Max,"Rs.513,000",2,6.7 inches,6GB,4352mAh,128GB
Apple,iPhone 13 mini,"Rs.327,500",43,5.4 inches,4GB,4352mAh,512GB
Apple,iPhone 13 mini,"Rs.270,400",3,5.4 inches,4GB,4352mAh,256GB
Apple,iPhone 13 mini,"Rs.233,400",58,5.4 inches,4GB,4352mAh,128GB
Apple,iPhone 13,"Rs.300,400",4,6.1 inches,4GB,4352mAh,256GB
Apple,iPhone 13 Pro,"Rs.484,400",31,6.1 inches,4GB,3095mAh,256GB
Apple,iPhone 13 Pro,"Rs.427,300",11,6.1 inches,6GB,3095mAh,512GB
Apple,iPhone 13 Pro,"Rs.345,000",60,6.1 inches,6GB,3095mAh,128GB
Apple,iPhone 13 Pro Max,"Rs.455,900",21,6.7 inches,6GB,4352mAh,512GB
infinix,Infinix Note 40,"Rs  50,999",153 Ratings,6.78 inchesDisplay,8 GBRAM,5000 mAhBattery,256 GB
vgo-tel,VGO TEL Note 23,"Rs  27,199",282 Ratings,6.78 InchesDisplay,8 GB + 8 GB EXTENDEDRAM,5000 mAhBattery,256 GB
all-call,AllCall Shine 12 Pro,"Rs  20,199",47,6.52Display,4GBRAM,4500 mAhBattery,128GB
infinix,Infinix Zero 40 4G,"Rs  69,999",49,6.78 InchesDisplay,8GB + 8GB EXTENDED RAMRAM,5000 mAhBattery,256GB
xiaomi,Xiaomi Redmi Note 13,"Rs  44,499",354 Ratings,6.67 InchesDisplay,"6GB, 8GB (EXPANDABLE STORAGE UP TO 1TB)RAM",5000 mAhBattery,"128GB, 256GB"
realme,Realme C61,"Rs  29,999",6 Ratings,6.74 InchesDisplay,6GB RAM + 12GB DYNAMIC RAMRAM,5000 mAhBattery,128GB
itel,Itel P55,"Rs  21,399",6 Ratings,6.6 InchesDisplay,4/8 GBRAM,5000 mAhBattery,128/256 GB
infinix,Infinix Hot 40 Pro,"Rs  41,899",129 Ratings,6.78 InchesDisplay,8GBRAM,5000 mAhBattery,256GB
samsung,Samsung Galaxy A05s,"Rs  39,999",55 Ratings,6.7 InchesDisplay,4 GBRAM,5000 mAhBattery,128 GB
all-call,AllCall Shine 12T,"Rs  17,799",55,6.52 inchesDisplay,4GB + 3GBRAM,4500 mAhBattery,64GB
realme,Realme 12 4G,"Rs  54,299",4 Ratings,6.72 inchesDisplay,8GB RAMRAM,5000 mAhBattery,256GB
vgo-tel,VGO Tel Smart 8,"Rs  17,599",48,6.745 inchesDisplay,4 GBRAM,5000 mAhBattery,64 GB
xiaomi,Xiaomi Redmi A3,"Rs  19,999",216 Ratings,6.71 InchesDisplay,4 GBRAM,5000 mAhBattery,128 GB
zte,ZTE Nubia Music,"Rs  24,999",46,6.6Display,8 GB (4+4)RAM,5000 mAhBattery,128 GB
nokia,Nokia 5310 (2020),"Rs  9,799",13 Ratings,2.4 inchesDisplay,8 MBRAM,1200 mAhBattery,16 MB
infinix,Infinix Smart 8 Pro,"Rs  26,299",86 Ratings,6.62 InchesDisplay,4 GBRAM,5000 mAhBattery,128 GB
sparx,Sparx Neo 7 Ultra,"Rs  23,199",164 Ratings,6.52 inchesDisplay,6 GBRAM,5000 mAhBattery,128 GB
samsung,Samsung Galaxy A54 5G,"Rs  100,500",130 Ratings,6.4 inchesDisplay,8 GBRAM,5000 mAhBattery,128 GB
vivo,Vivo Y03t,"Rs  25,699",29,6.56-inchDisplay,4GBRAM,5000 mAhBattery,64GB / 128gb
realme,Realme Note 50,"Rs  22,699",197 Ratings,6.74 inchesDisplay,4 GBRAM,5000 mAhBattery,64 GB
dcode,Dcode Cygnal 2,"Rs  17,899",15 Ratings,6.52 inchesDisplay,3GB RAM + 3GB EXTENDED RAMRAM,5000 mAhBattery,64GB ROM + Expandable up to 256GB
tecno,Tecno Spark 20C,"Rs  24,999",99 Ratings,6.6 InchesDisplay,4 GBRAM,5000 mAhBattery,128 GB
itel,itel Muzik 410 Pro,"Rs  4,049",54,2.4 InchesDisplay,32MBRAM,1500 mAhBattery,32Mb
nokia,Nokia 130,"Rs  5,549",41 Ratings,1.8 inchesDisplay,4MBRAM,10205 mAhBattery,4MB
infinix,Infinix Smart 8,"Rs  23,439",89 Ratings,6.6 InchesDisplay,3 GBRAM,5000 mAhBattery,64 GB
samsung,Samsung Galaxy A05,"Rs  21,999",173 Ratings,6.7 InchesDisplay,4 GBRAM,5000 mAhBattery,128 GB
realme,Realme C51,"Rs  24,099",227 Ratings,6.74 InchesDisplay,4 GBRAM,5000 mAhBattery,64 GB
gfive,GFive 6700 4G (2024),"Rs  6,399",17 Ratings,2.8 InchesDisplay,2 GBRAM,4000 mAhBattery,16 GB
zte,ZTE Nubia Neo 2 5G,"Rs  51,499",6 Ratings,6.72 InchesDisplay,8GBRAM,6000 mAhBattery,256GB
itel,itel A70 Pro,"Rs  21,299",22 Ratings,6.6 inchesDisplay,4GB+8GB EXTENDED RAMRAM,5000 mAhBattery,256 GB
tecno,Tecno Camon 30,"Rs  48,299",99 Ratings,6.78 InchesDisplay,24GB RAM (12GB+12GB EXTENDED)RAM,5000 mAhBattery,256/512 GB
itel,itel A70 Pro,"Rs  21,299",22 Ratings,6.6 inchesDisplay,4GB+8GB EXTENDED RAMRAM,5000 mAhBattery,256 GB
qmobile,Qmobile QSmart Ultra,"Rs  21,999",16 Ratings,6.8 InchesDisplay,6 GB (6GB EXTENDED)RAM,5000 mAhBattery,128 GB
vivo,Vivo Y100,"Rs  52,999",19 Ratings,6.67 InchesDisplay,256 GBRAM,5000 mAhBattery,16GB(8GB Extendable RAM)
zte,ZTE Nubia Neo 2 5G,"Rs  51,499",6 Ratings,6.72 InchesDisplay,8GBRAM,6000 mAhBattery,256GB
jazz-digit,Jazz Digit E2 Pro 4G,"Rs  6,199",127 Ratings,2.4 InchesDisplay,1 GBRAM,2000 mAhBattery,8 GB
xiaomi,Xiaomi Redmi 13C,"Rs  26,999",709 Ratings,6.74 inchesDisplay,"128GB 6GB RAM , 128GB 4GB RAMRAM",5000 mAhBattery,128GB
vivo,Vivo Y18,"Rs  33,099",9 Ratings,6.56 inchesDisplay,4 GBRAM,5000 mAhBattery,128 GB
zte,ZTE Blade A55,"Rs  19,999",8 Ratings,6.75 inchDisplay,"4 + 8 GB , UPTO 12GB DYNAMIC RAMRAM",5000 mAhBattery,64GB
calme,Calme Hero 4G,"Rs  7,499",52 Ratings,2.8 inchesDisplay,2 GBRAM,3800 mAhBattery,16 GB
itel,Itel Power 700 Core,"Rs  4,099",17 Ratings,2.8 inchesDisplay,32 MBRAM,2500 mAhBattery,32 MB
nokia,Nokia 230 Dual SIM,"Rs  12,999",3 Ratings,2.8 inchesDisplay,16MB RAMRAM,1200 mAhBattery,16MB
nokia,Nokia 6310 (2021),"Rs  10,699",9 Ratings,2.8 inchesDisplay,16 MBRAM,1150 mAhBattery,8 MB
xiaomi,Xiaomi Redmi 13,"Rs  37,099",51 Ratings,6.79 InchesDisplay,8 GBRAM,5030 mAhBattery,256 GB/128 GB
tecno,Tecno Spark Go 2024,"Rs  18,799",103 Ratings,6.6 InchesDisplay,4 GBRAM,5000 mAhBattery,64 GB
oppo,Oppo Reno 12F 4G,"Rs  62,999",4 Ratings,6.67 inchesDisplay,8GBRAM,5000 mAhBattery,256GB
nokia,Nokia C31,"Rs  22,899",34 Ratings,6.75 inchesDisplay,4 GBRAM,5050 mAhBattery,64/128 GB
itel,itel Flip 1,"Rs  6,399",9 Ratings,2.4 inchesDisplay,8MBRAM,1500 mAhBattery,8MB
dcode,Dcode Cygnal 3,"Rs  18,899",11 Ratings,6.52 InchesDisplay,4 GBRAM,5000 mAhBattery,64 GB
xiaomi,Xiaomi Redmi Note 13 Pro Plus,"Rs  134,999",46 Ratings,6.67Display,"8GB,12GBRAM",5000 mAhBattery,"256GB, 512GB"
sparx,Sparx Neo 7 Pro,"Rs  20,599",25 Ratings,6.517 inchesDisplay,4 GBRAM,5000 mAhBattery,64 GB
samsung,Samsung Galaxy A25,"Rs  77,500",8 Ratings,6.5 InchesDisplay,8 GBRAM,5000 mAhBattery,256 GB
infinix,Infinix Hot 40i,"Rs  29,099",164 Ratings,6.56 InchesDisplay,8 GBRAM,5000 mAhBattery,256 GB
vivo,Vivo V30e,"Rs  86,199",16 Ratings,6.78 InchesDisplay,8 GBRAM,5500 mAhBattery,256 GB
itel,Itel A60s,"Rs  21,849",122 Ratings,6.6 InchesDisplay,64/ 128 GBRAM,5000 mAhBattery,4/ 8 GB
calme,Calme 4G king,"Rs  9,499",26,3.5 InchesDisplay,2GBRAM,4000 mAhBattery,16GB
infinix,Infinix Hot 40i,"Rs  27,999",164 Ratings,6.56 InchesDisplay,8 GBRAM,5000 mAhBattery,256 GB
zte,ZTE Nubia V60 Design,"Rs  29,399",10 Ratings,6.6 InchesDisplay,"(6+10)GB RAM , UP TO 16GB DYNAMIC RAMRAM",5000 mAhBattery,256GB
calme,Calme 4G king,"Rs  9,499",14,3.5 InchesDisplay,2GBRAM,4000 mAhBattery,16GB
vivo,Vivo Y27s,"Rs  42,299",23 Ratings,6.64 InchesDisplay,8 GBRAM,5000 mAhBattery,128 GB
nokia,Nokia G21,"Rs  24,899",197 Ratings,6.5 inchesDisplay,4/6 GBRAM,5050 mAhBattery,64/128 GB
itel,Itel A05s,"Rs  18,899",34 Ratings,6.6 InchesDisplay,4 GRAM,4000 mAhBattery,64 GB
xiaomi,Xiaomi Redmi Note 12,"Rs  40,999",675 Ratings,6.67 inchesDisplay,8 GBRAM,5000 mAhBattery,128 GB
faywa,Faywa NEX1 4G,"Rs  7,649",40,2.8 InchesDisplay,2 GBRAM,4000 mAhBattery,16 GB
calme,Calme 4g Premium,"Rs  9,599",5 Ratings,3.5 InchesDisplay,2 GBRAM,7200 mAhBattery,16 GB
sparx,Sparx Neo 5 Pro,"Rs  17,149",5 Ratings,6.5 InchesDisplay,2 GBRAM,5000 mAhBattery,32 GB
samsung,Samsung Galaxy S24,"Rs  259,999",10 Ratings,6.2 InchesDisplay,8 GBRAM,4000 mAhBattery,256 GB
calme,Calme 4g Cloud,"Rs  5,499",44,2.4 InchesDisplay,1 GBRAM,3200 mAhBattery,8 GB
infinix,Infinix Smart 6,"Rs  20,849",89 Ratings,6.6 inchesDisplay,2/3 GBRAM,5000 mAhBattery,32/64 GB
itel,itel A17,"Rs  10,199",41 Ratings,5.0 InchesDisplay,1 GBRAM,2400 mAhBattery,16 GB
itel,Itel S24,"Rs  25,899",50 Ratings,6.6 inchesDisplay,16GB (8GB + 8GB EXPANDABLE)RAM,5000 mAhBattery,128/256 GB
gfive,GFive Style 4G,"Rs  6,199",14 Ratings,2.8 InchesDisplay,2GBRAM,4000 mAhBattery,16GB
samsung,Samsung Galaxy S24 Ultra,"Rs  410,999",40 Ratings,6.8 InchesDisplay,12 GBRAM,5000 mAhBattery,512GB
nokia,Nokia C22,"Rs  22,999",4 Ratings,6.5 inchesDisplay,4 GBRAM,5000 mAhBattery,128
sparx,Sparx Neo 8,"Rs  24,299",48,6.56 InchesDisplay,4 GBRAM,5000 mAhBattery,128 GB
digit,Digit 4G Energy Max,"Rs  8,199",18 Ratings,3.5 InchesDisplay,1 GBRAM,3000 mAhBattery,8 GB
vnus,VNUS SE22,"Rs  15,999",10 Ratings,6.6 InchesDisplay,3 GBRAM,4500 mAhBattery,64 GB
itel,itel P55 Plus,"Rs  27,899",23,6.6 InchesDisplay,8 GBRAM,5000 mAhBattery,128/ 256 GB
tecno,Tecno Spark 20,"Rs  29,499",213 Ratings,6.6 inchesDisplay,8GBRAM,5000 mAhBattery,256 GB
e-tachi,E-Tachi iPro,"Rs  3,999",14 Ratings,2.4 inchesDisplay,32 MBRAM,2000 mAhBattery,32 MB
oppo,Oppo A60,"Rs  51,099",60,6.67 inchesDisplay,128/256 GBRAM,5000 mAhBattery,8 GB
calme,Calme 4G Smart,"Rs  9,599",2 Ratings,3.5 InchesDisplay,2 GBRAM,4000 mAhBattery,16 GB
oppo,Oppo A3x,"Rs  30,999",11,6.67 inchesDisplay,4GBRAM,5000 mAhBattery,"64GB , 128gb"
samsung,Samsung Galaxy A35 5G,"Rs  104,300",15 Ratings,6.6 InchesDisplay,8 GBRAM,5000 mAhBattery,256 GB
honor,Honor X5 Plus,"Rs  22,999",8 Ratings,6.56 inchesDisplay,4 GBRAM,5200 mAhBattery,64GB
samsung,Samsung Galaxy A15,"Rs  46,699",181 Ratings,6.5 InchesDisplay,6/ 8 GBRAM,5000 mAhBattery,128/ 256 GB
samsung,Samsung Galaxy A55 5G,"Rs  123,999",53 Ratings,6.6 InchesDisplay,8 GBRAM,5000 mAhBattery,256 GB
xiaomi,Xiaomi Redmi 10A,"Rs  21,799",245 Ratings,6.53 InchesDisplay,3/4 GBRAM,5000 mAhBattery,64/128 GB
vivo,Vivo Y28,"Rs  44,699",4 Ratings,6.56 inchesDisplay,8GBRAM,6000 mAhBattery,128gb
calme,Calme 4G Edge,"Rs  9,149",27,2.8 InchesDisplay,2 GBRAM,4000 mAhBattery,32 GB
villaon,Villaon V30,"Rs  14,399",6 Ratings,6.52 inchesDisplay,2 GB /4 GB (2GB + 2GB)RAM,4000 mAhBattery,32 GB /128 GB
nokia,Nokia C12 Pro,"Rs  21,199",33,6.3 inchesDisplay,3 / 4 GBRAM,4000 mAhBattery,64 GB
digit,Digit Next Ultra,"Rs  18,299",23,6.5 inchesDisplay,4 GBRAM,5000 mAhBattery,64GB
infinix,Infinix Note 40 Pro,"Rs  72,699",39 Ratings,6.78 InchesDisplay,12 GBRAM,5000 mAhBattery,256 GB
apple,Apple iPhone 15 Pro Max,"Rs  462,999",9 Ratings,6.7 InchesDisplay,8 GBRAM,4422 mAhBattery,256/ 512 GB/ 1 TB
motorola,Motorola Moto G84 5G,"Rs  66,999",37 Ratings,6.5 InchesDisplay,12 GBRAM,5000 mAhBattery,256 GB
itel,Itel A50,"Rs  17,299",42,6.6 InchesDisplay,"2GB + 4GB , 4 + 4GB EXPANDABLERAM",5000 mAhBattery,64GB
oppo,Oppo A78,"Rs  59,699",28 Ratings,6.43 inchesDisplay,8 GBRAM,5000 mAhBattery,256 GB
vivo,Vivo Y21T,"Rs  48,499",31 Ratings,6.51 inchesDisplay,4 GBRAM,5000 mAhBattery,128 GB
tecno,Tecno Pop 7,"Rs  17,799",20 Ratings,6.6 InchesDisplay,2 GB (1 GB RAM EXPANSION BY DEFAULT AND UP TO 2 GB RAM EXPANSION)RAM,5000 mAhBattery,64 GB
qmobile,QMobile QSmart 8,"Rs  18,199",3 Ratings,6.8 InchesDisplay,8 GB (4 GB + 4 GB)RAM,5000 mAhBattery,128 GB
vgo-tel,VGO TEL New 15,"Rs  17,499",58 Ratings,6.5 inchesDisplay,4GB + 4GB EXTENDED RAMRAM,5000 mAhBattery,64 GB
infinix,Infinix GT 20 Pro,"Rs  93,599",17 Ratings,6.78 inchesDisplay,8/12 GBRAM,5000 mAhBattery,256 GB
vgo-tel,VGO TEL New 15,"Rs  17,499",58 Ratings,6.5 inchesDisplay,4GB + 4GB EXTENDED RAMRAM,5000 mAhBattery,64 GB
sparx,Sparx Note 20,"Rs  34,899",31 Ratings,6.67 InchesDisplay,8+(8 GB EXTENDED RAM)RAM,5000 mAhBattery,256 GB
vivo,Vivo V30 5G,"Rs  116,999",17 Ratings,6.78 InchesDisplay,12 GBRAM,5000 mAhBattery,256 GB
zte,ZTE Nubia Focus Pro 5G,"Rs  54,199",15,6.72 inchesDisplay,8 + 12GB RAM . UPTO 20 GB DYNAMIC RAMRAM,5000 mAhBattery,256GB
samsung,Samsung Galaxy S24 Ultra (12GB-256GB),"Rs  396,999",21 Ratings,6.8 InchesDisplay,12 GBRAM,5000 mAhBattery,256 GB
apple,Apple iPhone 12,"Rs  202,999",22 Ratings,6.1 inchesDisplay,4 GBRAM,2815 mAhBattery,64/128/256 GB
qmobile,QMobile Qsmart Blaze,"Rs  16,999",27 Ratings,6.6 InchesDisplay,8GB (4GB EXTENDED RAM)RAM,5000 mAhBattery,64GB
faywa,Faywa Smart 4G,"Rs  7,749",8 Ratings,2.8 Inches IPS displayDisplay,16 GBRAM,4000 mAhBattery,2 GB
sparx,Sparx ultra 8 pro,"Rs  31,999",3 Ratings,6.72 InchesDisplay,13 GB (8 GB + 5 GB)RAM,5000 mAhBattery,256 GB
itel,Itel it2166,"Rs  2,899",33 Ratings,2 InchesDisplay,4 MBRAM,1000 mAhBattery,4 MB
samsung,Samsung Galaxy S23 FE,"Rs  181,500",35 Ratings,6.4 inchesDisplay,8 GBRAM,4500 mAhBattery,128/256 GB
tecno,Tecno Spark 10 Pro,"Rs  30,999",461 Ratings,6.78 InchesDisplay,8/16 GBRAM,5000 mAhBattery,128/ 256 GB
itel,Itel P40 4G,"Rs  22,499",52 Ratings,6.6 InchesDisplay,4 GBRAM,6000 mAhBattery,64 GB
zte,ZTE Nubia Focus 5g,"Rs  41,999",20,6.6 InchesDisplay,8GB RAMRAM,5000 mAhBattery,256 GB
oppo,Oppo Reno 12F 5G,"Rs  90,999",39,6.67 inchesDisplay,12GBRAM,5000 mAhBattery,256GB
villaon,Villaon V30 RS,"Rs  21,849",3 Ratings,6.75 InchesDisplay,8GB(4 + 4)RAM,5000 mAhBattery,64 GB / 128 GB
oppo,Oppo Reno 12 5G,"Rs  139,999",53,6.7 InchesDisplay,12RAM,5000 mAhBattery,512GB
villaon,Villaon V30 RS,"Rs  21,849",3 Ratings,6.75 InchesDisplay,8GB(4 + 4)RAM,5000 mAhBattery,64 GB / 128 GB
oppo,Oppo Reno 12 5G,"Rs  139,999",45,6.7 InchesDisplay,12RAM,5000 mAhBattery,512GB
xiaomi,Xiaomi Redmi A3x,"Rs  17,599",42 Ratings,6.71 inchesDisplay,3 GBRAM,5000 mAhBattery,64 GB
faywa,FAYWA F2,"Rs  2,449",50,1.8 InchesDisplay,32 MBRAM,3000 mAhBattery,32 MB
nokia,Nokia 2660 Flip,"Rs  16,199",35 Ratings,2.8 inchesDisplay,48 MBRAM,1450 mAhBattery,128  MB
samsung,Samsung Galaxy S23 Ultra,"Rs  342,999",12 Ratings,6.8 inchesDisplay,12 GBRAM,5000 mAhBattery,"512 GB , 256 GB"
samsung,Samsung Galaxy Z Flip 5,"Rs  315,999",2 Ratings,6.7 inchesDisplay,8 GBRAM,3700 mAhBattery,512 GB
infinix,Infinix Smart 7 HD,"Rs  17,799",82 Ratings,6.6 inchesDisplay,2 GBRAM,5000 mAhBattery,64 GB
vivo,Vivo Y03,"Rs  30,999",37 Ratings,6.56 InchesDisplay,4 GB (4 GB EXPANDABLE)RAM,5000 mAhBattery,64 GB / 128Gb
honor,Honor X7b,"Rs  56,999",2 Ratings,6.8 inchesDisplay,16GB RAM TURBO TECHNOLOGY  (8+8 GB)RAM,6000 mAhBattery,256 GB
faywa,Faywa F6,"Rs  2,399",2 Ratings,1.8 InchesDisplay,32 MBRAM,1200 mAhBattery,32 MB
samsung,Samsung Galaxy A34,"Rs  78,999",119 Ratings,6.6 InchesDisplay,6/8 GBRAM,5000 mAhBattery,128/256 GB
tecno,Tecno Spark 10,"Rs  23,999",69 Ratings,6.6 InchesDisplay,4 GBRAM,5000 mAhBattery,128 GB
dcode,Dcode Cygnal 3 Pro,"Rs  19,999",73 Ratings,6.52 InchesDisplay,4 GB ( 3 GB EXTENDED )RAM,5000 mAhBattery,128 GB
calme,Calme 4G Spark,"Rs  9,499",4 Ratings,3.5 InchesDisplay,2 GBRAM,6000 mAhBattery,16 GB
calme,Calme 4G turbo,"Rs  4,899",27,2.4 InchesDisplay,1 GBRAM,3200 mAhBattery,8 GB
tecno,Tecno Spark 10,"Rs  23,999",69 Ratings,6.6 InchesDisplay,4 GBRAM,5000 mAhBattery,128 GB
dcode,Dcode Cygnal 3 Pro,"Rs  19,999",73 Ratings,6.52 InchesDisplay,4 GB ( 3 GB EXTENDED )RAM,5000 mAhBattery,128 GB
calme,Calme 4g Star,"Rs  7,499",8 Ratings,2.8 InchesDisplay,2 GBRAM,4000 mAhBattery,16 GB
calme,Calme 4G Hot,"Rs  5,299",9 Ratings,2.4 Inch DisplayDisplay,1GBRAM,3200 mAhBattery,8gb
calme,Calme 4G Super,"Rs  6,399",58,2.8 InchesDisplay,1 GBRAM,3800 mAhBattery,8 GB
apple,Apple iPhone 11,"Rs  149,999",144 Ratings,6.1 inchesDisplay,4 GBRAM,3110 mAhBattery,64/128/256 GB
infinix,Infinix Note 40 Pro Plus,"Rs  86,499",38,6.78Display,12GBRAM,4500 mAhBattery,256gb
honor,Honor X6,"Rs  22,299",71 Ratings,6.5 inchesDisplay,4 GBRAM,5000 mAhBattery,64/128 GB
e-tachi,E-Tachi Mega King,"Rs  3,949",2 Ratings,2.8 inchesDisplay,32 MBRAM,3000 mAhBattery,32 MB
vivo,Vivo Y22,"Rs  45,999",26 Ratings,6.55 inchesDisplay,4/6 GBRAM,5000 mAhBattery,64/128 GB
realme,Realme C53,"Rs  32,699",96 Ratings,6.74 InchesDisplay,6 GBRAM,5000 mAhBattery,128 GB
xsmart,Xsmart Core X,"Rs  20,899",29,6.79 InchesDisplay,4 GBRAM,7000 mAhBattery,64 GB
infinix,Infinix Hot 40,"Rs  33,799",168 Ratings,6.78 InchesDisplay,8 GBRAM,5000 mAhBattery,256 GB
tecno,Tecno Camon 30 Premier 5G,"Rs  149,499",3 Ratings,6.77 InchesDisplay,512 GBRAM,5000 mAhBattery,12 GB
vgo-tel,VGO TEL Smart HI-FI,"Rs  4,899",5 Ratings,2.8 InchesDisplay,512 MBRAM,2950 mAhBattery,4 GB
calme,Calme 4G Music,"Rs  5,399",3 Ratings,2.4 InchesDisplay,1 GBRAM,3200 mAhBattery,8 GB
kxd,KXD Classic core A07,"Rs  18,999",5 Ratings,6.52 inchesDisplay,4GBRAM,4500 mAhBattery,64 GB
kxd,KXD Classic Core A10,"Rs  22,499",27,6.52 InchesDisplay,6GB+6GBRAM,4500 mAhBattery,128 GB
sparx,Sparx Neo 7 Plus,"Rs  19,899",33 Ratings,6.56 InchesDisplay,4 GBRAM,5000 mAhBattery,64 GB
sparx,Sparx Neo 8 Plus,"Rs  21,299",55,6.6 InchesDisplay,4 GBRAM,5000 mAhBattery,64GB
honor,HONOR X9b,"Rs  122,499",25,6.78 inchesDisplay,20 GB RAM TURBO TECHNOLOGY (12+8 GB)RAM,5800 mAhBattery,256 GB
realme,Realme C65,"Rs  44,999",3 Ratings,6.67 inchesDisplay,8GB LPDDR4X RAMRAM,5000 mAhBattery,256GB
itel,Itel A49 Play,"Rs  16,399",9 Ratings,6.3 InchesDisplay,2 GBRAM,4000 mAhBattery,32 GB
xsmart,XSmart Nova 7,"Rs  19,999",2 Ratings,6.56 inchesDisplay,4 GBRAM,500018 mAhBattery,64 GB
sparx,Sparx Neo 11,"Rs  20,899",3 Ratings,6.52 inchesDisplay,4GB RAMRAM,5000 mAhBattery,128GB
sparx,Sparx Neo 8 Pro,"Rs  21,899",5 Ratings,6.745 InchesDisplay,4 GBRAM,5000 mAhBattery,128 GB
calme,Calme Music 400,"Rs  3,500",42,2.4 InchesDisplay,32 MBRAM,3000 mAhBattery,32 MB
dcode,Dcode Bold 3,"Rs  35,199",44 Ratings,6.78 InchesDisplay,6GB RAM +(6GB EXTENDED RAM)RAM,5000 mAhBattery,128 GB
vgo-tel,VGO TEL New 24,"Rs  19,799",86 Ratings,6.582 InchesDisplay,128GBRAM,5000 mAhBattery,4GB + 4GB Extended Ram
apple,Apple iPhone 15 Plus,"Rs  399,999",43,6.7 InchesDisplay,6 GBRAM,4383 mAhBattery,128/ 256/ 512 GB
oppo,Oppo Reno 11 5G,"Rs  115,999",4 Ratings,6.7 inchesDisplay,12 GBRAM,5000 mAhBattery,256 GB
oppo,Oppo Reno 11F 5G,"Rs  77,999",52 Ratings,6.7 inchesDisplay,8 GBRAM,5000 mAhBattery,256 GB
sparx,Sparx Neo 6 Plus,"Rs  17,349",43,6.52 InchesDisplay,2GBRAM,WhBattery,64GB
sparx,Sparx Ultra 8,"Rs  29,199",28,6.72Display,8GBRAM,5000 mAhBattery,128GB
xsmart,XSmart Mate 10,"Rs  21,999",3 Ratings,6.56 inchesDisplay,6GBRAM,5000 mAhBattery,128 GB
umidigi,UMIDIGI A15,"Rs  39,899",49,6.7 InchesDisplay,8+8GB EXTENDED RAMRAM,5000 mAhBattery,256GB
dcode,Dcode Cygnal 3 Pro,"Rs  19,999",73 Ratings,6.52 InchesDisplay,4 GB ( 3 GB EXTENDED )RAM,5000 mAhBattery,128 GB
dcode,Dcode Bold 3,"Rs  35,199",44 Ratings,6.78 InchesDisplay,6GB RAM +(6GB EXTENDED RAM)RAM,5000 mAhBattery,128 GB
calme,CALME 4G Power,"Rs  9,399",3 Ratings,2.8 Inch DisplayDisplay,2GB RAMRAM,4000 mAhBattery,16GB Rom
samsung,Samsung Galaxy Z Fold 4,"Rs  349,999",27 Ratings,7.6 inchesDisplay,12 GBRAM,4400 mAhBattery,512 GB
apple,Apple iPhone 15 Pro,"Rs  404,999",35,6.1 InchesDisplay,8 GBRAM,3274 mAhBattery,256/ 512 GB/ 1TB
oppo,Oppo A58,"Rs  43,999",22 Ratings,6.56 InchesDisplay,8 GBRAM,5000 mAhBattery,128 GB
sparx,Sparx Ultra 11,"Rs  27,149",6 Ratings,6.78 InchesDisplay,8GBRAM,5000 mAhBattery,128 GB
honor,Honor X8b,"Rs  75,799",8 Ratings,6.7 inchesDisplay,16GB RAM TURBO TECHNOLOGY (8+8 GB)RAM,4500 mAhBattery,512 GB
xsmart,XSmart Nova 5,"Rs  18,099",35,6.51 InchesDisplay,2GBRAM,5000 mAhBattery,64GB
kxd,KXD Classic core A06,"Rs  17,549",2 Ratings,6.52 inchesDisplay,4GBRAM,4500 mAhBattery,64GB
umidigi,UMIDIGI G3 Plus,"Rs  24,999",46,6.52 inchesDisplay,4 GBRAM,5150 mAhBattery,128 GB
vgo-tel,VGO TEL New 16,"Rs  18,099",18 Ratings,6.517 inchesDisplay,4 GBRAM,5000 mAhBattery,64GB
vgo-tel,VGO-TEL NEW 10,"Rs  13,699",10 Ratings,6.56 InchesDisplay,2 GBRAM,4000 mAhBattery,32 GB
honor,Honor X9a 5G,"Rs  100,999",19,6.67 inchesDisplay,8GBRAM,5100 mAhBattery,256GB
zte,ZTE Blade V30 Vita,"Rs  18,999",86 Ratings,6.82 inchesDisplay,4 GBRAM,5000 mAhBattery,128 GB
e-tachi,E-Tachi Magic E5,"Rs  3,749",21,2.4 InchesDisplay,32 MBRAM,2500 mAhBattery,32 MB
kxd,KXD Classic Core A09,"Rs  20,399",57,6.6 InchesDisplay,4 GB (8 GB EXPANDABLE)RAM,4000 mAhBattery,128 GB
umidigi,UMIDIGI A15C,"Rs  35,199",11,6.7 inchesDisplay,8+8GB EXTENDED RAMRAM,5000 mAhBattery,128GB
dcode,Dcode Cygnal 4 Lite,"Rs  23,999",17,6.6 InchesDisplay,4 GB + (4 GB EXTENDED)RAM,5000 mAhBattery,64 GB
calme,Calme 4G LITE,"Rs  7,199",43,2.8 InchesDisplay,1 GBRAM,4000 mAhBattery,8 GB
calme,Calme 4g Platinum,"Rs  5,599",35,2.4 InchesDisplay,1 GBRAM,3200 mAhBattery,8 GB
gionee,GIONEE L800i,"Rs  3,799",51,2.4 InchesDisplay,32 MBRAM,2500 mAhBattery,32 MB
oukitel,OUKITEL C36,"Rs  20,499",13,6.56 inchesDisplay,4 GBRAM,5150 mAhBattery,128 GB
faywa,Faywa Music 500,"Rs  3,299",12,2.4 InchesDisplay,32 MBRAM,4000 mAhBattery,32 MB
all-call,AllCall Hero 20i,"Rs  19,099",22,6.8 InchesDisplay,4 GBRAM,5480 mAhBattery,64 GB
sparx,Sparx Neo 6,"Rs  15,399",20 Ratings,6.517 inchesDisplay,3 GBRAM,4250 mAhBattery,32 GB
honor,Honor X8b,"Rs  75,799",8 Ratings,6.7 inchesDisplay,16GB RAM TURBO TECHNOLOGY (8+8 GB)RAM,4500 mAhBattery,512 GB
xmobile,Xmobile D4 Lite,"Rs  4,049",57,2.4 inchesDisplay,16 MBRAM,3000 mAhBattery,16 MB
xmobile,Xmobile X4 Ultra,"Rs  3,745",50,2.4 InchesDisplay,32 MBRAM,2200 mAhBattery,32 MB
all-call,AllCall Magic 15,"Rs  18,629",20,6.6 InchesDisplay,4 GBRAM,4500 mAhBattery,64 GB
digit,Jazz Digit Energy 4G,"Rs  5,999",88 Ratings,2.8 inches (touch screen)Display,1 GBRAM,3000 mAhBattery,8 GB
digit,Jazz Digit Energy 4G,"Rs  5,999",88 Ratings,2.8 inches (touch screen)Display,1 GBRAM,3000 mAhBattery,8 GB
itel,itel S23 Plus,"Rs  41,399",2 Ratings,6.78 InchesDisplay,16 GB (8+8)  / 8 GB (4+4)RAM,5000 mAhBattery,128/ 256 GB
calme,Calme E1000,"Rs  3,799",21,2.4 InchesDisplay,32 MBRAM,3000 mAhBattery,32 MB
xmobile,XMOBILE E4 NEW,"Rs  3,799",37,2.4 InchesDisplay,32RAM,3000 mAhBattery,32 MB
xmobile,Xmobile Power X,"Rs  3,899",27,2.4 InchesDisplay,32 MBRAM,3000 mAhBattery,32 MB
samsung,Samsung Galaxy A13,"Rs  32,999",399 Ratings,6.6 InchesDisplay,4 GBRAM,5000 mAhBattery,64/128 GB
samsung,Samsung Galaxy S22 Ultra,"Rs  289,999",100 Ratings,6.8 inchesDisplay,12 GBRAM,5000 mAhBattery,256 GB
samsung,Samsung Galaxy S22,"Rs  194,999",25 Ratings,6.1 inchesDisplay,8 GBRAM,3700 mAhBattery,256 GB
samsung,Samsung Galaxy A04s,"Rs  39,999",209 Ratings,6.5Display,3/4 GBRAM,5000 mAhBattery,32/64/128 GB
infinix,Infinix Hot 30i,"Rs  22,549",40 Ratings,6.6 inchesDisplay,4 GBRAM,5000 mAhBattery,128 GB
oppo,Oppo A54,"Rs  46,999",107 Ratings,6.51 inchesDisplay,4 GBRAM,5000 mAhBattery,128 GB
xiaomi,Xiaomi Redmi A1+,"Rs  17,999",320 Ratings,6.52 inchesDisplay,2/3 GBRAM,5000 mAhBattery,32 GB
xiaomi,Poco M6 Pro,"Rs  84,999",9 Ratings,6.67Display,12GBRAM,5000 mAhBattery,512GB
tecno,Tecno Camon 20 Pro,"Rs  43,999",79 Ratings,6.67 inchesDisplay,8 GBRAM,5000 mAhBattery,256 GB
dcode,Dcode Bold 2,"Rs  18,999",24 Ratings,6.5 InchesDisplay,4GB + 3GB EXTENDEDRAM,5000 mAhBattery,64 GB
vgo-tel,VGO TEL NEW 12,"Rs  15,999",43 Ratings,6.52 inchesDisplay,2 GB RAM + 1 GB EXTENDEDRAM,5000 mAhBattery,64 GB
itel,itel P17 Pro,"Rs  11,299",54 Ratings,5.5 inchesDisplay,2 GBRAM,4000 mAhBattery,32 GB
sparx,Sparx Neo 5 Plus,"Rs  18,199",34 Ratings,6.5 inchesDisplay,3 GBRAM,5000 mAhBattery,64 GB
digit,Jazz Digit Crown 4G,"Rs  6,299",20,2.4 inchesDisplay,512 MBRAM,1900 mAhBattery,4 GB
digit,Jazz Digit E3 Pro 4G,"Rs  10,999",73 Ratings,3.2 InchesDisplay,1 GBRAM,2500 mAhBattery,8 GB
digit,Digit Infinity Max,"Rs  18,799",59,6.5 InchesDisplay,3 GBRAM,5000 mAhBattery,32 GB
zte,ZTE Blade A72s,"Rs  22,499",137 Ratings,"6.75 inches, 110.0 cm2 (~84.5% screen-to-body ratio)Display",8 (4+4) GBRAM,5000 mAhBattery,128 GB
zte,ZTE Blade A54,"Rs  18,999",45 Ratings,6.6 inchesDisplay,4 GBRAM,5000 mAhBattery,64GB
e-tachi,E-Tachi E777,"Rs  3,899",11,2.4 InchesDisplay,32 MBRAM,3000 mAhBattery,32 MB
nokia,Nokia 3210,"Rs  12,399",12,2.4 inchesDisplay,64 MBRAM,1450 mAhBattery,128 MB
samsung,Samsung Galaxy A04,"Rs  21,999",641 Ratings,6.5 inchesDisplay,3/4 GBRAM,5000 mAhBattery,32/64 GB
samsung,Samsung Galaxy Z Fold 5,"Rs  589,399",3 Ratings,7.6 inchesDisplay,12 GBRAM,4400 mAhBattery,512 GB
oppo,Oppo A38,"Rs  40,999",26 Ratings,6.56 InchesDisplay,6 GBRAM,5000 mAhBattery,128 GB
infinix,Infinix Note 30,"Rs  41,399",466 Ratings,6.78 inchesDisplay,8 GBRAM,5000 mAhBattery,128/256 GB
tecno,Tecno Camon 30 Pro 5G,"Rs  93,999",15 Ratings,6.78 InchesDisplay,12 GBRAM,5000 mAhBattery,512 GB
xiaomi,Xiaomi Redmi 12,"Rs  35,999",991 Ratings,6.79 InchesDisplay,8 GBRAM,5000 mAhBattery,128 GB
xiaomi,Xiaomi Poco C65,"Rs  35,999",11 Ratings,6.74 InchesDisplay,8GBRAM,5000 mAhBattery,256 GB
xiaomi,Xiaomi 14 Ultra,"Rs  369,599",10,6.73 InchesDisplay,16 GBRAM,5000 mAhBattery,512 GB
motorola,Motorola Moto G54 5G,"Rs  43,499",32 Ratings,6.5 InchesDisplay,8 GBRAM,5000 mAhBattery,256 GB
honor,Honor X5,"Rs  15,499",30 Ratings,6.5 inchesDisplay,2 GBRAM,5000 mAhBattery,32 GB
nokia,Nokia 3210,"Rs  12,399",45,2.4 inchesDisplay,64 MBRAM,1450 mAhBattery,128 MB
samsung,Samsung Galaxy A04,"Rs  21,999",641 Ratings,6.5 inchesDisplay,3/4 GBRAM,5000 mAhBattery,32/64 GB
samsung,Samsung Galaxy Z Fold 5,"Rs  589,399",3 Ratings,7.6 inchesDisplay,12 GBRAM,4400 mAhBattery,512 GB
infinix,Infinix Hot 30,"Rs  30,099",187 Ratings,6.78 InchesDisplay,8 GBRAM,5000 mAhBattery,128 GB
infinix,Infinix Smart 8 Plus,"Rs  23,299",90 Ratings,6.6 InchesDisplay,4GB RAMRAM,6000 mAhBattery,64GB
xiaomi,Xiaomi Redmi 12C,"Rs  23,999",519 Ratings,6.71 inchesDisplay,4GB RAMRAM,5000 mAhBattery,64/128 GB RAM
xiaomi,Xiaomi Redmi A2 Plus,"Rs  19,999",541 Ratings,6.52 InchesDisplay,3 GBRAM,5000 mAhBattery,64 GB
xiaomi,Poco X6 Pro 5G,"Rs  122,099",48 Ratings,6.67 InchesDisplay,12 GBRAM,5000 mAhBattery,512GB
xiaomi,Poco F6,"Rs  131,999",5 Ratings,6.67 InchesDisplay,12 GBRAM,5000 mAhBattery,512 GB
xiaomi,Poco F6 Pro,"Rs  169,999",14,6.67 InchesDisplay,12 GBRAM,5000 mAhBattery,512 GB
realme,Realme 12+ 5G,"Rs  72,999",15 Ratings,6.7 inchesDisplay,16GB (8+8) RAMRAM,5000 mAhBattery,128GB/256GB
tecno,Tecno Phantom V Flip,"Rs  184,999",38,"Main Screen: 6.9 Inches, Cover Screen 1.32 InchesDisplay",8GBRAM,4000 mAhBattery,256 GB
tecno,Tecno Phantom V Flip 2 5G,"Rs  199,999",31,6.9Display,8 GB + 8 GB EXTENDED RAMRAM,4720 mAhBattery,256 GB
dcode,Dcode Cypher,"Rs  24,999",7 Ratings,6.55 InchesDisplay,8 GBRAM,4050 mAhBattery,128 GB
dcode,Dcode Cygnal 2 Lite,"Rs  15,299",12 Ratings,6.52 inchesDisplay,2 + 1 GB EXTENDED RAMRAM,5000 mAhBattery,32 GB
vgo-tel,VGO TEL New 22,"Rs  17,999",37 Ratings,6.5 InchesDisplay,4 GB + (3 GB EXTENDED RAM)RAM,5000 mAhBattery,128 GB
vgo-tel,VGO-TEL V5310,"Rs  4,699",40,2.8 InchesDisplay,32 MBRAM,2950 mAhBattery,32 MB
jazz-digit,Jazz Digit Music 4G,"Rs  7,499",38,2.4 inchesDisplay,512 MBRAM,1700 mAhBattery,4 GB
realme,Realme 12+ 5G,"Rs  72,999",15 Ratings,6.7 inchesDisplay,16GB (8+8) RAMRAM,5000 mAhBattery,128GB/256GB
tecno,Tecno Phantom V Flip,"Rs  184,999",54,"Main Screen: 6.9 Inches, Cover Screen 1.32 InchesDisplay",8GBRAM,4000 mAhBattery,256 GB
tecno,Tecno Phantom V Flip 2 5G,"Rs  199,999",15,6.9Display,8 GB + 8 GB EXTENDED RAMRAM,4720 mAhBattery,256 GB
dcode,Dcode Cypher,"Rs  24,999",7 Ratings,6.55 InchesDisplay,8 GBRAM,4050 mAhBattery,128 GB
dcode,Dcode Cygnal 2 Lite,"Rs  15,299",12 Ratings,6.52 inchesDisplay,2 + 1 GB EXTENDED RAMRAM,5000 mAhBattery,32 GB
vgo-tel,VGO TEL New 22,"Rs  17,999",37 Ratings,6.5 InchesDisplay,4 GB + (3 GB EXTENDED RAM)RAM,5000 mAhBattery,128 GB
vgo-tel,VGO-TEL V5310,"Rs  4,699",51,2.8 InchesDisplay,32 MBRAM,2950 mAhBattery,32 MB
jazz-digit,Jazz Digit Music 4G,"Rs  7,499",57,2.4 inchesDisplay,512 MBRAM,1700 mAhBattery,4 GB
gfive,GFive 6700 4G,"Rs  7,199",7 Ratings,2.8 InchesDisplay,2GBRAM,4000 mAhBattery,16GB
digit,Digit Play 1,"Rs  13,399",33 Ratings,6 InchesDisplay,3 GBRAM,3500 mAhBattery,32 GB
zte,ZTE Blade A31 Plus,"Rs  12,299",15 Ratings,6.0 inchesDisplay,2 GBRAM,3000 mAhBattery,32 GB
zte,ZTE Blade A51,"Rs  13,300",21 Ratings,6.52Display,2 GBRAM,3200 mAhBattery,32/64 GB
me-mobile,me Mobile M-1110,"Rs  2,299",45,1.8 inchesDisplay,8 MBRAM,1200 mAhBattery,8 MB
e-tachi,E-Tachi B222 lite,"Rs  2,999",11,1.8 InchesDisplay,32 MBRAM,1000 mAhBattery,32 MB
e-tachi,E-Tachi B222,"Rs  2,999",50,1.8 InchesDisplay,32 MBRAM,2500 mAhBattery,32 MB
nokia,Nokia 110 (2019),"Rs  6,999",25 Ratings,1.77 inchesDisplay,4MBRAM,800 mAhBattery,4MB
nokia,Nokia C21,"Rs  15,499",59 Ratings,6.5 InchesDisplay,2 GBRAM,3000 mAhBattery,32 GB
nokia,Nokia 105 Plus,"Rs  5,499",60 Ratings,1.77 InchesDisplay,4MBRAM,1000 mAhBattery,4MB
samsung,Samsung Galaxy Z Flip 4,"Rs  204,999",14 Ratings,6.7 InchesDisplay,8GB RAMRAM,3700 mAhBattery,512 GB
samsung,Samsung Galaxy A24 4G,"Rs  46,999",160 Ratings,6.5 inchesDisplay,6 GB / 8 GBRAM,5000 mAhBattery,128 GB
apple,Apple iPhone 14 Plus,"Rs  420,999",52,6.7 inchesDisplay,6 GBRAM,4323 mAhBattery,128/256/512 GB
apple,Apple iPhone 15,"Rs  321,999",56,6.1 InchesDisplay,6 GBRAM,3349 mAhBattery,128/ 256/ 512 GB
infinix,Infinix Zero 30 5G,"Rs  94,499",18 Ratings,6.78 InchesDisplay,12 GBRAM,5000 mAhBattery,256 GB
infinix,Infinix Zero 30 4G,"Rs  64,999",220 Ratings,6.78 inchesDisplay,8 GBRAM,5000 mAhBattery,256 GB
vivo,Vivo Y73,"Rs  65,999",3 Ratings,6.44 inchesDisplay,8 GBRAM,4000 mAhBattery,128 GB
vivo,Vivo Y17s,"Rs  34,999",132 Ratings,6.56 InchesDisplay,6 GBRAM,5000 mAhBattery,128 GB
tecno,Tecno Spark Go 2023,"Rs  21,099",65 Ratings,6.6 inchesDisplay,4 GB + (3 GB EXTENDED RAM)RAM,5000 mAhBattery,64 GB
tecno,Tecno Spark 10C,"Rs  24,899",111 Ratings,6.6 InchesDisplay,4 GBRAM,5000 mAhBattery,128 GB
tecno,Tecno Pova 5 Pro,"Rs  42,999",120 Ratings,"6.78 inches, 109.2 cm2 (~84.7% screen-to-body ratio)Display",8GBRAM,5000 mAhBattery,256GB 8GB RAM
dcode,Dcode Cygnal,"Rs  21,499",7 Ratings,6.52 InchesDisplay,3 GBRAM,5000 mAhBattery,32 GB
dcode,Dcode Bold 3 Pro,"Rs  41,499",69 Ratings,6.7 inchesDisplay,16 GB (8GB + 8GB EXTENDED RAM)RAM,5000 mAhBattery,128 GB
vgo-tel,VGO TEL New 7,"Rs  6,299",37 Ratings,5.0 InchesDisplay,1 GBRAM,2000 mAhBattery,16 GB
vgo-tel,VGO TEL NEW 20,"Rs  18,299",15 Ratings,6.52 inchesDisplay,4 GBRAM,5000 mAhBattery,64 GB
honor,Honor 90,"Rs  151,899",38,6.7 inchesDisplay,12/16 GBRAM,5000 mAhBattery,256/512 GB
digit,Jazz Digit Shine 4G,"Rs  7,599",6 Ratings,2.4 inchesDisplay,512 MBRAM,2000 mAhBattery,4 GB
digit,Digit E4 Pro 4G,"Rs  9,699",7 Ratings,2.8 InchesDisplay,1 GBRAM,2500 mAhBattery,8 GB
vnus,VNUS Sky 1,"Rs  11,099",30 Ratings,6.6 InchesDisplay,2 GBRAM,4500 mAhBattery,32 GB
oukitel,OUKITEL C32,"Rs  25,899",22,6.517 inchesDisplay,8 GBRAM,5150 mAhBattery,128 GB
e-tachi,E-Tachi E444,"Rs  3,749",45,2.4 InchesDisplay,32 MBRAM,3000 mAhBattery,32 MB
apple,Apple iPhone 14 Pro Max,"Rs  499,999",6 Ratings,6.7 inchesDisplay,6 GBRAM,4323 mAhBattery,128/256/512/1TB
apple,Apple iPhone 14,"Rs  278,999",2 Ratings,6.1 inchesDisplay,6 GBRAM,327912.68 mAhBattery,128/256/512 GB
infinix,Infinix Hot 30 Play,"Rs  23,499",131 Ratings,6.82 inchesDisplay,4 GBRAM,6000 mAhBattery,64 GB
infinix,Infinix Note 30 Pro,"Rs  45,999",219 Ratings,6.67 inchesDisplay,8 GBRAM,5000 mAhBattery,256 GB
motorola,Motorola Moto G23,"Rs  32,999",66 Ratings,6.5 InchesDisplay,8 GBRAM,5000 mAhBattery,128 GB
tecno,Tecno Pova Neo 2,"Rs  36,499",34 Ratings,6.82 InchesDisplay,4 GBRAM,7000 mAhBattery,64/ 128 GB
tecno,Tecno Phantom V Fold,"Rs  309,999",12,"Main Screen: 7.85 Inches, Sub Screen: 6.43 InchesDisplay",12 GBRAM,5000 mAhBattery,512 GB
tecno,Tecno Phantom V Fold 2 5G,"Rs  369,999",39,Main Screen : 7.85   Sub Screen: 6.42''Display,12 GBRAM,5750 mAhBattery,512 GB
digit,Digit Infinity,"Rs  13,349",55 Ratings,6.5 InchesDisplay,2 GBRAM,5000 mAhBattery,32 GB
zte,ZTE Blade A52,"Rs  15,999",116 Ratings,6.52 inchesDisplay,4 GBRAM,5000 mAhBattery,64 GB
zte,ZTE Blade A53 Pro,"Rs  15,999",35 Ratings,6.52 InchesDisplay,4 GBRAM,5000 mAhBattery,64 GB
zte,ZTE Blade V50 Design,"Rs  27,999",32 Ratings,6.6 InchesDisplay,8GB + 10GB EXTENDED RAMRAM,5000 mAhBattery,256 GB
vnus,VNUS Rock 1,"Rs  10,099",4 Ratings,6.26 InchesDisplay,1 GBRAM,3500 mAhBattery,32 GB
e-tachi,E-tachi Ipro 4g,"Rs  8,899",42,2.8 IPS DisplayDisplay,2GBRAM,4200 mAhBattery,16gb
nokia,Nokia 150 (2020),"Rs  9,499",19 Ratings,2.4 inchesDisplay,NORAM,1020 mAhBattery,4MB Built-in
nokia,Nokia 110 4G,"Rs  5,999",6 Ratings,1.8 inchesDisplay,128MB RAMRAM,1020 mAhBattery,48MB
samsung,Samsung Galaxy A53 5G,"Rs  92,999",150 Ratings,6.5 InchesDisplay,8 GBRAM,5000 mAhBattery,128 GB
apple,Apple iPhone 13,"Rs  245,999",11 Ratings,6.1 InchesDisplay,6GBRAM,3240 mAhBattery,128/256/512 GB
infinix,Infinix Hot 12,"Rs  23,299",204 Ratings,6.82 InchesDisplay,4/6 GBRAM,5000 mAhBattery,64/128GB
infinix,Infinix Hot 12 Play,"Rs  28,299",205 Ratings,6.82 InchesDisplay,4 GBRAM,6000 mAhBattery,64 GB
tecno,Tecno Camon 18 Premier,"Rs  74,999",44 Ratings,6.7 inchesDisplay,8 GBRAM,4750 mAhBattery,256 GB
tecno,Tecno Camon 18P,"Rs  45,499",105 Ratings,6.8 InchesDisplay,8 GBRAM,5000 mAhBattery,128 GB
tecno,Tecno Camon 19 Pro,"Rs  49,999",11 Ratings,6.8 InchesDisplay,8 GBRAM,5000 mAhBattery,128 GB
tecno,Tecno Camon 20,"Rs  41,999",196 Ratings,6.67 inchesDisplay,8 GBRAM,5000 mAhBattery,256 GB
dcode,Dcode X,"Rs  46,199",16 Ratings,6.67 InchesDisplay,8 GBRAM,4000 mAhBattery,128 GB
itel,itel Muzik 410,"Rs  4,099",40,2.4 inchesDisplay,4 MBRAM,1500 mAhBattery,4 MB
itel,itel Value 110s,"Rs  2,549",169 Ratings,4.8 cmDisplay,4 MBRAM,1000 mAhBattery,4 MB
itel,Itel A49,"Rs  15,899",48 Ratings,6.6 InchesDisplay,2 GBRAM,4000 mAhBattery,32 GB
gionee,Gionee Q26,"Rs  3,499",47,2.4 InchesDisplay,32 MBRAM,1700 mAhBattery,32 MB
gfive,GFive Champ,"Rs  3,599",26,2.4 InchesDisplay,32 MBRAM,1800 mAhBattery,32 MB
club-mobile,Club Mobile A9 Victory,"Rs  3,099",2 Ratings,2.4 InchesDisplay,32 MBRAM,3500 mAhBattery,32 MB
club-mobile,Club Mobile A95 Plus,"Rs  3,599",34,2.8 InchesDisplay,32 MBRAM,3000 mAhBattery,32 MB
xmobile,Xmobile X50,"Rs  3,799",26,2.4 InchesDisplay,32 MBRAM,3300 mAhBattery,32 MB
all-call,AllCall Hero 20 Max,"Rs  20,979",37,6.8 InchesDisplay,4 GBRAM,5480 mAhBattery,128 GB
qmobile,QMobile G3,"Rs  4,399",5 Ratings,2.4 InchesDisplay,32 MBRAM,3000 mAhBattery,32 MB
nokia,Nokia 5710,"Rs  17,999",5 Ratings,2.4 inchesDisplay,48 MBRAM,1450 mAhBattery,128 MB
infinix,Infinix Hot 11 Play,"Rs  26,499",124 Ratings,6.82 InchesDisplay,4 GBRAM,6000 mAhBattery,64 GB
infinix,Infinix Smart 6 HD,"Rs  19,499",20 Ratings,6.6 InchesDisplay,2 GBRAM,5000 mAhBattery,32 GB
vivo,Vivo Y02t,"Rs  22,499",19 Ratings,6.51 inchesDisplay,4 GBRAM,5000 mAhBattery,64 GB
vivo,Vivo V29e,"Rs  71,499",14 Ratings,6.7 InchesDisplay,8/12 GBRAM,4800 mAhBattery,256 GB
tecno,Tecno Pop 5,"Rs  17,299",39 Ratings,6.1 inchesDisplay,1/2 GBRAM,4000 mAhBattery,16/32 GB
tecno,Tecno POP 5 LTE,"Rs  17,299",91 Ratings,6.52 inchesDisplay,2 GBRAM,5000 mAhBattery,32 GB
tecno,Tecno Camon 19 Neo,"Rs  32,999",346 Ratings,6.8 inchesDisplay,6GB RAMRAM,5000 mAhBattery,128GB
tecno,Tecno Spark 9T,"Rs  27,999",8 Ratings,6.56 inchesDisplay,4 GBRAM,5000 mAhBattery,64/128
club-mobile,Club Mobile 105A,"Rs  2,599",18,1.8 InchesDisplay,32 MBRAM,1000 mAhBattery,32 MB
qmobile,QMobile i4i,"Rs  7,999",2 Ratings,5 inchesDisplay,1 GBRAM,mAhBattery,8 GB
infinix,Infinix Hot 20i,"Rs  24,999",50 Ratings,6.6 InchesDisplay,3/4GBRAM,5000 mAhBattery,64/128 GB
realme,Realme C30,"Rs  16,499",23 Ratings,6.5 InchesDisplay,2/3/4 GB RAMRAM,5000 mAhBattery,32/64 GB
gfive,GFive Cobra,"Rs  3,099",55,2.4 InchesDisplay,32 MBRAM,3500 WhBattery,32 MB
xmobile,XMOBILE X1 PLAY,"Rs  3,299",13,1.7 InchesDisplay,32 MBRAM,1200 mAhBattery,32 MB
club-mobile,Club Mobile A5000,"Rs  3,499",46,2.4 InchesDisplay,32 MBRAM,3500 mAhBattery,32 MB
samsung,Samsung Galaxy S24 Ultra (12GB-1TB),"Rs  444,999",2 Ratings,6.8 InchesDisplay,12 GBRAM,5000 mAhBattery,1TB
tecno,Tecno Camon 18T,"Rs  41,999",190 Ratings,6.78 inchesDisplay,4 GB +(7GB UPGRADE BY OTA)RAM,5000 mAhBattery,128 GB
tecno,Tecno Pova Neo,"Rs  30,199",53 Ratings,6.8 inchesDisplay,4 GBRAM,6000 mAhBattery,64 GB
tecno,Tecno Spark 8C,"Rs  21,999",129 Ratings,6.6 inchesDisplay,2/3/4GBRAM,5000 mAhBattery,64/128 GB
tecno,Tecno Camon 19 Pro Mondrian,"Rs  64,999",4 Ratings,6.8 InchesDisplay,8 GBRAM,5000 mAhBattery,128 GB
club-mobile,Club Mobile A20,"Rs  3,499",33,2.4 InchesDisplay,32 MBRAM,3500 mAhBattery,32 MB
sparx,Sparx Neo X,"Rs  19,399",62 Ratings,6.5 InchesDisplay,4 GBRAM,5000 mAhBattery,64 GB
sparx,Sparx S7,"Rs  14,099",56,5.4 InchesDisplay,2 GBRAM,4000 mAhBattery,32 GB
gfive,GFive Hero,"Rs  3,249",43,2.4 InchesDisplay,32 MBRAM,1800 mAhBattery,32 MB
gfive,GFive Speed,"Rs  2,799",56,1.8 InchesDisplay,32 MBRAM,3000 mAhBattery,32 MB
calme,Calme C106,"Rs  2,250",42,1.8 InchesDisplay,32 MBRAM,1100 mAhBattery,32 MB
xmobile,Xmobile Battery Ka Badshah,"Rs  2,899",48,1.7 InchesDisplay,32 MBRAM,2500 mAhBattery,32 MB
e-tachi,E- Tachi Mega Metal,"Rs  3,799",37,2.4 InchesDisplay,32 MBRAM,2500 mAhBattery,32 MB
samsung,Samsung Galaxy A12,"Rs  24,999",351 Ratings,6.5 inchesDisplay,2/3/4/6 GBRAM,5000 mAhBattery,32/64/128 GB
dcode,Dcode Bold,"Rs  29,999",24 Ratings,6.53 inchesDisplay,4 GBRAM,5000 mAhBattery,64 GB
vgo-tel,VGO TEL Note 24,"Rs  29,999",207 Ratings,6.78 FHD+ Punch Hole DisplayDisplay,8GB + 8GB EXTENDABLE RAMRAM,5000 mAhBattery,256GB
gfive,GFive Disco,"Rs  3,199",59,2.4 InchesDisplay,32 MBRAM,3000 mAhBattery,32 MB
gfive,GFive Spark,"Rs  2,325",3 Ratings,1.8 inchesDisplay,32 MBRAM,3000 mAhBattery,32 MB
e-tachi,E-Tachi E888,"Rs  3,749",38,2.8 InchesDisplay,32 MBRAM,3000 mAhBattery,32 MB
sparx,SparX Edge 20,"Rs  5,000",24,6.67 inchesDisplay,8GB+8GB  RAMRAM,5000 mAhBattery,256 GB
gfive,GFive 4G Style,"Rs  6,999",39,2.8 InchDisplay,2GBRAM,4000 mAhBattery,16gb
